evt.time.iso8601,container.name,proc.cmdline,proc.pid,syscall.type,datetime
1676008292713744534,jboss1,java -server -Xms128m -Xmx512m -XX:MaxPermSize=256m -Dorg.jboss.resolver.warning=true -Dsun.rmi.dgc.client.gcInterval=3600000 -Dsun.rmi.dgc.server.gcInterval=3600000 -Djava.net.preferIPv4Stack=true -Dprogram.name=run.sh -Dlogging.configuration=file:/jboss-6.1.0.Final/bin/logging.properties -Djava.library.path=/jboss-6.1.0.Final/bin/native/lib64 -Djava.endorsed.dirs=/jboss-6.1.0.Final/lib/endorsed -classpath /jboss-6.1.0.Final/bin/run.jar:/usr/lib/jvm/java-6-oracle/lib/tools.jar org.jboss.Main --host=0.0.0.0,148143,lseek,2023-02-10 13:51:32
1676008293703697366,jboss1,java -server -Xms128m -Xmx512m -XX:MaxPermSize=256m -Dorg.jboss.resolver.warning=true -Dsun.rmi.dgc.client.gcInterval=3600000 -Dsun.rmi.dgc.server.gcInterval=3600000 -Djava.net.preferIPv4Stack=true -Dprogram.name=run.sh -Dlogging.configuration=file:/jboss-6.1.0.Final/bin/logging.properties -Djava.library.path=/jboss-6.1.0.Final/bin/native/lib64 -Djava.endorsed.dirs=/jboss-6.1.0.Final/lib/endorsed -classpath /jboss-6.1.0.Final/bin/run.jar:/usr/lib/jvm/java-6-oracle/lib/tools.jar org.jboss.Main --host=0.0.0.0,148143,lseek,2023-02-10 13:51:33
1676008294734151755,jboss1,java -server -Xms128m -Xmx512m -XX:MaxPermSize=256m -Dorg.jboss.resolver.warning=true -Dsun.rmi.dgc.client.gcInterval=3600000 -Dsun.rmi.dgc.server.gcInterval=3600000 -Djava.net.preferIPv4Stack=true -Dprogram.name=run.sh -Dlogging.configuration=file:/jboss-6.1.0.Final/bin/logging.properties -Djava.library.path=/jboss-6.1.0.Final/bin/native/lib64 -Djava.endorsed.dirs=/jboss-6.1.0.Final/lib/endorsed -classpath /jboss-6.1.0.Final/bin/run.jar:/usr/lib/jvm/java-6-oracle/lib/tools.jar org.jboss.Main --host=0.0.0.0,148143,mprotect,2023-02-10 13:51:34
1676008295742868542,jboss1,java -server -Xms128m -Xmx512m -XX:MaxPermSize=256m -Dorg.jboss.resolver.warning=true -Dsun.rmi.dgc.client.gcInterval=3600000 -Dsun.rmi.dgc.server.gcInterval=3600000 -Djava.net.preferIPv4Stack=true -Dprogram.name=run.sh -Dlogging.configuration=file:/jboss-6.1.0.Final/bin/logging.properties -Djava.library.path=/jboss-6.1.0.Final/bin/native/lib64 -Djava.endorsed.dirs=/jboss-6.1.0.Final/lib/endorsed -classpath /jboss-6.1.0.Final/bin/run.jar:/usr/lib/jvm/java-6-oracle/lib/tools.jar org.jboss.Main --host=0.0.0.0,148143,fstat,2023-02-10 13:51:35
1676008296714956488,jboss1,java -server -Xms128m -Xmx512m -XX:MaxPermSize=256m -Dorg.jboss.resolver.warning=true -Dsun.rmi.dgc.client.gcInterval=3600000 -Dsun.rmi.dgc.server.gcInterval=3600000 -Djava.net.preferIPv4Stack=true -Dprogram.name=run.sh -Dlogging.configuration=file:/jboss-6.1.0.Final/bin/logging.properties -Djava.library.path=/jboss-6.1.0.Final/bin/native/lib64 -Djava.endorsed.dirs=/jboss-6.1.0.Final/lib/endorsed -classpath /jboss-6.1.0.Final/bin/run.jar:/usr/lib/jvm/java-6-oracle/lib/tools.jar org.jboss.Main --host=0.0.0.0,148143,mprotect,2023-02-10 13:51:36
1676008297715809017,jboss1,java -server -Xms128m -Xmx512m -XX:MaxPermSize=256m -Dorg.jboss.resolver.warning=true -Dsun.rmi.dgc.client.gcInterval=3600000 -Dsun.rmi.dgc.server.gcInterval=3600000 -Djava.net.preferIPv4Stack=true -Dprogram.name=run.sh -Dlogging.configuration=file:/jboss-6.1.0.Final/bin/logging.properties -Djava.library.path=/jboss-6.1.0.Final/bin/native/lib64 -Djava.endorsed.dirs=/jboss-6.1.0.Final/lib/endorsed -classpath /jboss-6.1.0.Final/bin/run.jar:/usr/lib/jvm/java-6-oracle/lib/tools.jar org.jboss.Main --host=0.0.0.0,148143,futex,2023-02-10 13:51:37
1676008298726342882,jboss1,java -server -Xms128m -Xmx512m -XX:MaxPermSize=256m -Dorg.jboss.resolver.warning=true -Dsun.rmi.dgc.client.gcInterval=3600000 -Dsun.rmi.dgc.server.gcInterval=3600000 -Djava.net.preferIPv4Stack=true -Dprogram.name=run.sh -Dlogging.configuration=file:/jboss-6.1.0.Final/bin/logging.properties -Djava.library.path=/jboss-6.1.0.Final/bin/native/lib64 -Djava.endorsed.dirs=/jboss-6.1.0.Final/lib/endorsed -classpath /jboss-6.1.0.Final/bin/run.jar:/usr/lib/jvm/java-6-oracle/lib/tools.jar org.jboss.Main --host=0.0.0.0,148143,futex,2023-02-10 13:51:38
1676008299709442200,jboss1,java -server -Xms128m -Xmx512m -XX:MaxPermSize=256m -Dorg.jboss.resolver.warning=true -Dsun.rmi.dgc.client.gcInterval=3600000 -Dsun.rmi.dgc.server.gcInterval=3600000 -Djava.net.preferIPv4Stack=true -Dprogram.name=run.sh -Dlogging.configuration=file:/jboss-6.1.0.Final/bin/logging.properties -Djava.library.path=/jboss-6.1.0.Final/bin/native/lib64 -Djava.endorsed.dirs=/jboss-6.1.0.Final/lib/endorsed -classpath /jboss-6.1.0.Final/bin/run.jar:/usr/lib/jvm/java-6-oracle/lib/tools.jar org.jboss.Main --host=0.0.0.0,148143,stat,2023-02-10 13:51:39
1676008300732306959,jboss1,java -server -Xms128m -Xmx512m -XX:MaxPermSize=256m -Dorg.jboss.resolver.warning=true -Dsun.rmi.dgc.client.gcInterval=3600000 -Dsun.rmi.dgc.server.gcInterval=3600000 -Djava.net.preferIPv4Stack=true -Dprogram.name=run.sh -Dlogging.configuration=file:/jboss-6.1.0.Final/bin/logging.properties -Djava.library.path=/jboss-6.1.0.Final/bin/native/lib64 -Djava.endorsed.dirs=/jboss-6.1.0.Final/lib/endorsed -classpath /jboss-6.1.0.Final/bin/run.jar:/usr/lib/jvm/java-6-oracle/lib/tools.jar org.jboss.Main --host=0.0.0.0,148143,munmap,2023-02-10 13:51:40
1676008301730684984,jboss1,java -server -Xms128m -Xmx512m -XX:MaxPermSize=256m -Dorg.jboss.resolver.warning=true -Dsun.rmi.dgc.client.gcInterval=3600000 -Dsun.rmi.dgc.server.gcInterval=3600000 -Djava.net.preferIPv4Stack=true -Dprogram.name=run.sh -Dlogging.configuration=file:/jboss-6.1.0.Final/bin/logging.properties -Djava.library.path=/jboss-6.1.0.Final/bin/native/lib64 -Djava.endorsed.dirs=/jboss-6.1.0.Final/lib/endorsed -classpath /jboss-6.1.0.Final/bin/run.jar:/usr/lib/jvm/java-6-oracle/lib/tools.jar org.jboss.Main --host=0.0.0.0,148143,stat,2023-02-10 13:51:41
1676008302754505740,jboss1,java -server -Xms128m -Xmx512m -XX:MaxPermSize=256m -Dorg.jboss.resolver.warning=true -Dsun.rmi.dgc.client.gcInterval=3600000 -Dsun.rmi.dgc.server.gcInterval=3600000 -Djava.net.preferIPv4Stack=true -Dprogram.name=run.sh -Dlogging.configuration=file:/jboss-6.1.0.Final/bin/logging.properties -Djava.library.path=/jboss-6.1.0.Final/bin/native/lib64 -Djava.endorsed.dirs=/jboss-6.1.0.Final/lib/endorsed -classpath /jboss-6.1.0.Final/bin/run.jar:/usr/lib/jvm/java-6-oracle/lib/tools.jar org.jboss.Main --host=0.0.0.0,148143,stat,2023-02-10 13:51:42
1676008303738078673,jboss1,java -server -Xms128m -Xmx512m -XX:MaxPermSize=256m -Dorg.jboss.resolver.warning=true -Dsun.rmi.dgc.client.gcInterval=3600000 -Dsun.rmi.dgc.server.gcInterval=3600000 -Djava.net.preferIPv4Stack=true -Dprogram.name=run.sh -Dlogging.configuration=file:/jboss-6.1.0.Final/bin/logging.properties -Djava.library.path=/jboss-6.1.0.Final/bin/native/lib64 -Djava.endorsed.dirs=/jboss-6.1.0.Final/lib/endorsed -classpath /jboss-6.1.0.Final/bin/run.jar:/usr/lib/jvm/java-6-oracle/lib/tools.jar org.jboss.Main --host=0.0.0.0,148143,stat,2023-02-10 13:51:43
1676008304749230122,jboss1,java -server -Xms128m -Xmx512m -XX:MaxPermSize=256m -Dorg.jboss.resolver.warning=true -Dsun.rmi.dgc.client.gcInterval=3600000 -Dsun.rmi.dgc.server.gcInterval=3600000 -Djava.net.preferIPv4Stack=true -Dprogram.name=run.sh -Dlogging.configuration=file:/jboss-6.1.0.Final/bin/logging.properties -Djava.library.path=/jboss-6.1.0.Final/bin/native/lib64 -Djava.endorsed.dirs=/jboss-6.1.0.Final/lib/endorsed -classpath /jboss-6.1.0.Final/bin/run.jar:/usr/lib/jvm/java-6-oracle/lib/tools.jar org.jboss.Main --host=0.0.0.0,148143,futex,2023-02-10 13:51:44
1676008305748935004,jboss1,java -server -Xms128m -Xmx512m -XX:MaxPermSize=256m -Dorg.jboss.resolver.warning=true -Dsun.rmi.dgc.client.gcInterval=3600000 -Dsun.rmi.dgc.server.gcInterval=3600000 -Djava.net.preferIPv4Stack=true -Dprogram.name=run.sh -Dlogging.configuration=file:/jboss-6.1.0.Final/bin/logging.properties -Djava.library.path=/jboss-6.1.0.Final/bin/native/lib64 -Djava.endorsed.dirs=/jboss-6.1.0.Final/lib/endorsed -classpath /jboss-6.1.0.Final/bin/run.jar:/usr/lib/jvm/java-6-oracle/lib/tools.jar org.jboss.Main --host=0.0.0.0,148143,futex,2023-02-10 13:51:45
1676008306779269811,jboss1,java -server -Xms128m -Xmx512m -XX:MaxPermSize=256m -Dorg.jboss.resolver.warning=true -Dsun.rmi.dgc.client.gcInterval=3600000 -Dsun.rmi.dgc.server.gcInterval=3600000 -Djava.net.preferIPv4Stack=true -Dprogram.name=run.sh -Dlogging.configuration=file:/jboss-6.1.0.Final/bin/logging.properties -Djava.library.path=/jboss-6.1.0.Final/bin/native/lib64 -Djava.endorsed.dirs=/jboss-6.1.0.Final/lib/endorsed -classpath /jboss-6.1.0.Final/bin/run.jar:/usr/lib/jvm/java-6-oracle/lib/tools.jar org.jboss.Main --host=0.0.0.0,148143,futex,2023-02-10 13:51:46
1676008307779398196,jboss1,java -server -Xms128m -Xmx512m -XX:MaxPermSize=256m -Dorg.jboss.resolver.warning=true -Dsun.rmi.dgc.client.gcInterval=3600000 -Dsun.rmi.dgc.server.gcInterval=3600000 -Djava.net.preferIPv4Stack=true -Dprogram.name=run.sh -Dlogging.configuration=file:/jboss-6.1.0.Final/bin/logging.properties -Djava.library.path=/jboss-6.1.0.Final/bin/native/lib64 -Djava.endorsed.dirs=/jboss-6.1.0.Final/lib/endorsed -classpath /jboss-6.1.0.Final/bin/run.jar:/usr/lib/jvm/java-6-oracle/lib/tools.jar org.jboss.Main --host=0.0.0.0,148143,futex,2023-02-10 13:51:47
1676008308743499493,jboss1,java -server -Xms128m -Xmx512m -XX:MaxPermSize=256m -Dorg.jboss.resolver.warning=true -Dsun.rmi.dgc.client.gcInterval=3600000 -Dsun.rmi.dgc.server.gcInterval=3600000 -Djava.net.preferIPv4Stack=true -Dprogram.name=run.sh -Dlogging.configuration=file:/jboss-6.1.0.Final/bin/logging.properties -Djava.library.path=/jboss-6.1.0.Final/bin/native/lib64 -Djava.endorsed.dirs=/jboss-6.1.0.Final/lib/endorsed -classpath /jboss-6.1.0.Final/bin/run.jar:/usr/lib/jvm/java-6-oracle/lib/tools.jar org.jboss.Main --host=0.0.0.0,148143,futex,2023-02-10 13:51:48
1676008309753087675,jboss1,java -server -Xms128m -Xmx512m -XX:MaxPermSize=256m -Dorg.jboss.resolver.warning=true -Dsun.rmi.dgc.client.gcInterval=3600000 -Dsun.rmi.dgc.server.gcInterval=3600000 -Djava.net.preferIPv4Stack=true -Dprogram.name=run.sh -Dlogging.configuration=file:/jboss-6.1.0.Final/bin/logging.properties -Djava.library.path=/jboss-6.1.0.Final/bin/native/lib64 -Djava.endorsed.dirs=/jboss-6.1.0.Final/lib/endorsed -classpath /jboss-6.1.0.Final/bin/run.jar:/usr/lib/jvm/java-6-oracle/lib/tools.jar org.jboss.Main --host=0.0.0.0,148143,futex,2023-02-10 13:51:49
1676008310754123236,jboss1,java -server -Xms128m -Xmx512m -XX:MaxPermSize=256m -Dorg.jboss.resolver.warning=true -Dsun.rmi.dgc.client.gcInterval=3600000 -Dsun.rmi.dgc.server.gcInterval=3600000 -Djava.net.preferIPv4Stack=true -Dprogram.name=run.sh -Dlogging.configuration=file:/jboss-6.1.0.Final/bin/logging.properties -Djava.library.path=/jboss-6.1.0.Final/bin/native/lib64 -Djava.endorsed.dirs=/jboss-6.1.0.Final/lib/endorsed -classpath /jboss-6.1.0.Final/bin/run.jar:/usr/lib/jvm/java-6-oracle/lib/tools.jar org.jboss.Main --host=0.0.0.0,148143,futex,2023-02-10 13:51:50
1676008311777653845,jboss1,java -server -Xms128m -Xmx512m -XX:MaxPermSize=256m -Dorg.jboss.resolver.warning=true -Dsun.rmi.dgc.client.gcInterval=3600000 -Dsun.rmi.dgc.server.gcInterval=3600000 -Djava.net.preferIPv4Stack=true -Dprogram.name=run.sh -Dlogging.configuration=file:/jboss-6.1.0.Final/bin/logging.properties -Djava.library.path=/jboss-6.1.0.Final/bin/native/lib64 -Djava.endorsed.dirs=/jboss-6.1.0.Final/lib/endorsed -classpath /jboss-6.1.0.Final/bin/run.jar:/usr/lib/jvm/java-6-oracle/lib/tools.jar org.jboss.Main --host=0.0.0.0,148143,futex,2023-02-10 13:51:51
1676008312750388734,jboss1,java -server -Xms128m -Xmx512m -XX:MaxPermSize=256m -Dorg.jboss.resolver.warning=true -Dsun.rmi.dgc.client.gcInterval=3600000 -Dsun.rmi.dgc.server.gcInterval=3600000 -Djava.net.preferIPv4Stack=true -Dprogram.name=run.sh -Dlogging.configuration=file:/jboss-6.1.0.Final/bin/logging.properties -Djava.library.path=/jboss-6.1.0.Final/bin/native/lib64 -Djava.endorsed.dirs=/jboss-6.1.0.Final/lib/endorsed -classpath /jboss-6.1.0.Final/bin/run.jar:/usr/lib/jvm/java-6-oracle/lib/tools.jar org.jboss.Main --host=0.0.0.0,148143,futex,2023-02-10 13:51:52
1676008313741358188,jboss1,java -server -Xms128m -Xmx512m -XX:MaxPermSize=256m -Dorg.jboss.resolver.warning=true -Dsun.rmi.dgc.client.gcInterval=3600000 -Dsun.rmi.dgc.server.gcInterval=3600000 -Djava.net.preferIPv4Stack=true -Dprogram.name=run.sh -Dlogging.configuration=file:/jboss-6.1.0.Final/bin/logging.properties -Djava.library.path=/jboss-6.1.0.Final/bin/native/lib64 -Djava.endorsed.dirs=/jboss-6.1.0.Final/lib/endorsed -classpath /jboss-6.1.0.Final/bin/run.jar:/usr/lib/jvm/java-6-oracle/lib/tools.jar org.jboss.Main --host=0.0.0.0,148143,stat,2023-02-10 13:51:53
1676008314767080911,jboss1,java -server -Xms128m -Xmx512m -XX:MaxPermSize=256m -Dorg.jboss.resolver.warning=true -Dsun.rmi.dgc.client.gcInterval=3600000 -Dsun.rmi.dgc.server.gcInterval=3600000 -Djava.net.preferIPv4Stack=true -Dprogram.name=run.sh -Dlogging.configuration=file:/jboss-6.1.0.Final/bin/logging.properties -Djava.library.path=/jboss-6.1.0.Final/bin/native/lib64 -Djava.endorsed.dirs=/jboss-6.1.0.Final/lib/endorsed -classpath /jboss-6.1.0.Final/bin/run.jar:/usr/lib/jvm/java-6-oracle/lib/tools.jar org.jboss.Main --host=0.0.0.0,148143,mmap,2023-02-10 13:51:54
1676008315733843506,jboss1,java -server -Xms128m -Xmx512m -XX:MaxPermSize=256m -Dorg.jboss.resolver.warning=true -Dsun.rmi.dgc.client.gcInterval=3600000 -Dsun.rmi.dgc.server.gcInterval=3600000 -Djava.net.preferIPv4Stack=true -Dprogram.name=run.sh -Dlogging.configuration=file:/jboss-6.1.0.Final/bin/logging.properties -Djava.library.path=/jboss-6.1.0.Final/bin/native/lib64 -Djava.endorsed.dirs=/jboss-6.1.0.Final/lib/endorsed -classpath /jboss-6.1.0.Final/bin/run.jar:/usr/lib/jvm/java-6-oracle/lib/tools.jar org.jboss.Main --host=0.0.0.0,148143,futex,2023-02-10 13:51:55
1676008316633149013,jboss1,java -server -Xms128m -Xmx512m -XX:MaxPermSize=256m -Dorg.jboss.resolver.warning=true -Dsun.rmi.dgc.client.gcInterval=3600000 -Dsun.rmi.dgc.server.gcInterval=3600000 -Djava.net.preferIPv4Stack=true -Dprogram.name=run.sh -Dlogging.configuration=file:/jboss-6.1.0.Final/bin/logging.properties -Djava.library.path=/jboss-6.1.0.Final/bin/native/lib64 -Djava.endorsed.dirs=/jboss-6.1.0.Final/lib/endorsed -classpath /jboss-6.1.0.Final/bin/run.jar:/usr/lib/jvm/java-6-oracle/lib/tools.jar org.jboss.Main --host=0.0.0.0,148143,stat,2023-02-10 13:51:56
1676008317739409081,jboss1,java -server -Xms128m -Xmx512m -XX:MaxPermSize=256m -Dorg.jboss.resolver.warning=true -Dsun.rmi.dgc.client.gcInterval=3600000 -Dsun.rmi.dgc.server.gcInterval=3600000 -Djava.net.preferIPv4Stack=true -Dprogram.name=run.sh -Dlogging.configuration=file:/jboss-6.1.0.Final/bin/logging.properties -Djava.library.path=/jboss-6.1.0.Final/bin/native/lib64 -Djava.endorsed.dirs=/jboss-6.1.0.Final/lib/endorsed -classpath /jboss-6.1.0.Final/bin/run.jar:/usr/lib/jvm/java-6-oracle/lib/tools.jar org.jboss.Main --host=0.0.0.0,148143,stat,2023-02-10 13:51:57
1676008318752338040,jboss1,java -server -Xms128m -Xmx512m -XX:MaxPermSize=256m -Dorg.jboss.resolver.warning=true -Dsun.rmi.dgc.client.gcInterval=3600000 -Dsun.rmi.dgc.server.gcInterval=3600000 -Djava.net.preferIPv4Stack=true -Dprogram.name=run.sh -Dlogging.configuration=file:/jboss-6.1.0.Final/bin/logging.properties -Djava.library.path=/jboss-6.1.0.Final/bin/native/lib64 -Djava.endorsed.dirs=/jboss-6.1.0.Final/lib/endorsed -classpath /jboss-6.1.0.Final/bin/run.jar:/usr/lib/jvm/java-6-oracle/lib/tools.jar org.jboss.Main --host=0.0.0.0,148143,futex,2023-02-10 13:51:58
1676008319775234560,jboss1,java -server -Xms128m -Xmx512m -XX:MaxPermSize=256m -Dorg.jboss.resolver.warning=true -Dsun.rmi.dgc.client.gcInterval=3600000 -Dsun.rmi.dgc.server.gcInterval=3600000 -Djava.net.preferIPv4Stack=true -Dprogram.name=run.sh -Dlogging.configuration=file:/jboss-6.1.0.Final/bin/logging.properties -Djava.library.path=/jboss-6.1.0.Final/bin/native/lib64 -Djava.endorsed.dirs=/jboss-6.1.0.Final/lib/endorsed -classpath /jboss-6.1.0.Final/bin/run.jar:/usr/lib/jvm/java-6-oracle/lib/tools.jar org.jboss.Main --host=0.0.0.0,148143,futex,2023-02-10 13:51:59
1676008320753261454,jboss1,java -server -Xms128m -Xmx512m -XX:MaxPermSize=256m -Dorg.jboss.resolver.warning=true -Dsun.rmi.dgc.client.gcInterval=3600000 -Dsun.rmi.dgc.server.gcInterval=3600000 -Djava.net.preferIPv4Stack=true -Dprogram.name=run.sh -Dlogging.configuration=file:/jboss-6.1.0.Final/bin/logging.properties -Djava.library.path=/jboss-6.1.0.Final/bin/native/lib64 -Djava.endorsed.dirs=/jboss-6.1.0.Final/lib/endorsed -classpath /jboss-6.1.0.Final/bin/run.jar:/usr/lib/jvm/java-6-oracle/lib/tools.jar org.jboss.Main --host=0.0.0.0,148143,futex,2023-02-10 13:52:00
1676008321775994029,jboss1,java -server -Xms128m -Xmx512m -XX:MaxPermSize=256m -Dorg.jboss.resolver.warning=true -Dsun.rmi.dgc.client.gcInterval=3600000 -Dsun.rmi.dgc.server.gcInterval=3600000 -Djava.net.preferIPv4Stack=true -Dprogram.name=run.sh -Dlogging.configuration=file:/jboss-6.1.0.Final/bin/logging.properties -Djava.library.path=/jboss-6.1.0.Final/bin/native/lib64 -Djava.endorsed.dirs=/jboss-6.1.0.Final/lib/endorsed -classpath /jboss-6.1.0.Final/bin/run.jar:/usr/lib/jvm/java-6-oracle/lib/tools.jar org.jboss.Main --host=0.0.0.0,148143,futex,2023-02-10 13:52:01
1676008322769453740,jboss1,java -server -Xms128m -Xmx512m -XX:MaxPermSize=256m -Dorg.jboss.resolver.warning=true -Dsun.rmi.dgc.client.gcInterval=3600000 -Dsun.rmi.dgc.server.gcInterval=3600000 -Djava.net.preferIPv4Stack=true -Dprogram.name=run.sh -Dlogging.configuration=file:/jboss-6.1.0.Final/bin/logging.properties -Djava.library.path=/jboss-6.1.0.Final/bin/native/lib64 -Djava.endorsed.dirs=/jboss-6.1.0.Final/lib/endorsed -classpath /jboss-6.1.0.Final/bin/run.jar:/usr/lib/jvm/java-6-oracle/lib/tools.jar org.jboss.Main --host=0.0.0.0,148143,futex,2023-02-10 13:52:02
1676008323743678081,jboss1,java -server -Xms128m -Xmx512m -XX:MaxPermSize=256m -Dorg.jboss.resolver.warning=true -Dsun.rmi.dgc.client.gcInterval=3600000 -Dsun.rmi.dgc.server.gcInterval=3600000 -Djava.net.preferIPv4Stack=true -Dprogram.name=run.sh -Dlogging.configuration=file:/jboss-6.1.0.Final/bin/logging.properties -Djava.library.path=/jboss-6.1.0.Final/bin/native/lib64 -Djava.endorsed.dirs=/jboss-6.1.0.Final/lib/endorsed -classpath /jboss-6.1.0.Final/bin/run.jar:/usr/lib/jvm/java-6-oracle/lib/tools.jar org.jboss.Main --host=0.0.0.0,148143,futex,2023-02-10 13:52:03
1676008324750171437,jboss1,java -server -Xms128m -Xmx512m -XX:MaxPermSize=256m -Dorg.jboss.resolver.warning=true -Dsun.rmi.dgc.client.gcInterval=3600000 -Dsun.rmi.dgc.server.gcInterval=3600000 -Djava.net.preferIPv4Stack=true -Dprogram.name=run.sh -Dlogging.configuration=file:/jboss-6.1.0.Final/bin/logging.properties -Djava.library.path=/jboss-6.1.0.Final/bin/native/lib64 -Djava.endorsed.dirs=/jboss-6.1.0.Final/lib/endorsed -classpath /jboss-6.1.0.Final/bin/run.jar:/usr/lib/jvm/java-6-oracle/lib/tools.jar org.jboss.Main --host=0.0.0.0,148143,futex,2023-02-10 13:52:04
1676008325755675794,jboss1,java -server -Xms128m -Xmx512m -XX:MaxPermSize=256m -Dorg.jboss.resolver.warning=true -Dsun.rmi.dgc.client.gcInterval=3600000 -Dsun.rmi.dgc.server.gcInterval=3600000 -Djava.net.preferIPv4Stack=true -Dprogram.name=run.sh -Dlogging.configuration=file:/jboss-6.1.0.Final/bin/logging.properties -Djava.library.path=/jboss-6.1.0.Final/bin/native/lib64 -Djava.endorsed.dirs=/jboss-6.1.0.Final/lib/endorsed -classpath /jboss-6.1.0.Final/bin/run.jar:/usr/lib/jvm/java-6-oracle/lib/tools.jar org.jboss.Main --host=0.0.0.0,148143,futex,2023-02-10 13:52:05
1676008326753428100,jboss1,java -server -Xms128m -Xmx512m -XX:MaxPermSize=256m -Dorg.jboss.resolver.warning=true -Dsun.rmi.dgc.client.gcInterval=3600000 -Dsun.rmi.dgc.server.gcInterval=3600000 -Djava.net.preferIPv4Stack=true -Dprogram.name=run.sh -Dlogging.configuration=file:/jboss-6.1.0.Final/bin/logging.properties -Djava.library.path=/jboss-6.1.0.Final/bin/native/lib64 -Djava.endorsed.dirs=/jboss-6.1.0.Final/lib/endorsed -classpath /jboss-6.1.0.Final/bin/run.jar:/usr/lib/jvm/java-6-oracle/lib/tools.jar org.jboss.Main --host=0.0.0.0,148143,futex,2023-02-10 13:52:06
1676008327744863356,jboss1,java -server -Xms128m -Xmx512m -XX:MaxPermSize=256m -Dorg.jboss.resolver.warning=true -Dsun.rmi.dgc.client.gcInterval=3600000 -Dsun.rmi.dgc.server.gcInterval=3600000 -Djava.net.preferIPv4Stack=true -Dprogram.name=run.sh -Dlogging.configuration=file:/jboss-6.1.0.Final/bin/logging.properties -Djava.library.path=/jboss-6.1.0.Final/bin/native/lib64 -Djava.endorsed.dirs=/jboss-6.1.0.Final/lib/endorsed -classpath /jboss-6.1.0.Final/bin/run.jar:/usr/lib/jvm/java-6-oracle/lib/tools.jar org.jboss.Main --host=0.0.0.0,148143,futex,2023-02-10 13:52:07
1676008328769725800,jboss1,java -server -Xms128m -Xmx512m -XX:MaxPermSize=256m -Dorg.jboss.resolver.warning=true -Dsun.rmi.dgc.client.gcInterval=3600000 -Dsun.rmi.dgc.server.gcInterval=3600000 -Djava.net.preferIPv4Stack=true -Dprogram.name=run.sh -Dlogging.configuration=file:/jboss-6.1.0.Final/bin/logging.properties -Djava.library.path=/jboss-6.1.0.Final/bin/native/lib64 -Djava.endorsed.dirs=/jboss-6.1.0.Final/lib/endorsed -classpath /jboss-6.1.0.Final/bin/run.jar:/usr/lib/jvm/java-6-oracle/lib/tools.jar org.jboss.Main --host=0.0.0.0,148143,futex,2023-02-10 13:52:08
1676008329754898276,jboss1,java -server -Xms128m -Xmx512m -XX:MaxPermSize=256m -Dorg.jboss.resolver.warning=true -Dsun.rmi.dgc.client.gcInterval=3600000 -Dsun.rmi.dgc.server.gcInterval=3600000 -Djava.net.preferIPv4Stack=true -Dprogram.name=run.sh -Dlogging.configuration=file:/jboss-6.1.0.Final/bin/logging.properties -Djava.library.path=/jboss-6.1.0.Final/bin/native/lib64 -Djava.endorsed.dirs=/jboss-6.1.0.Final/lib/endorsed -classpath /jboss-6.1.0.Final/bin/run.jar:/usr/lib/jvm/java-6-oracle/lib/tools.jar org.jboss.Main --host=0.0.0.0,148143,futex,2023-02-10 13:52:09
1676008330731173670,jboss1,java -server -Xms128m -Xmx512m -XX:MaxPermSize=256m -Dorg.jboss.resolver.warning=true -Dsun.rmi.dgc.client.gcInterval=3600000 -Dsun.rmi.dgc.server.gcInterval=3600000 -Djava.net.preferIPv4Stack=true -Dprogram.name=run.sh -Dlogging.configuration=file:/jboss-6.1.0.Final/bin/logging.properties -Djava.library.path=/jboss-6.1.0.Final/bin/native/lib64 -Djava.endorsed.dirs=/jboss-6.1.0.Final/lib/endorsed -classpath /jboss-6.1.0.Final/bin/run.jar:/usr/lib/jvm/java-6-oracle/lib/tools.jar org.jboss.Main --host=0.0.0.0,148143,futex,2023-02-10 13:52:10
1676008331764934071,jboss1,java -server -Xms128m -Xmx512m -XX:MaxPermSize=256m -Dorg.jboss.resolver.warning=true -Dsun.rmi.dgc.client.gcInterval=3600000 -Dsun.rmi.dgc.server.gcInterval=3600000 -Djava.net.preferIPv4Stack=true -Dprogram.name=run.sh -Dlogging.configuration=file:/jboss-6.1.0.Final/bin/logging.properties -Djava.library.path=/jboss-6.1.0.Final/bin/native/lib64 -Djava.endorsed.dirs=/jboss-6.1.0.Final/lib/endorsed -classpath /jboss-6.1.0.Final/bin/run.jar:/usr/lib/jvm/java-6-oracle/lib/tools.jar org.jboss.Main --host=0.0.0.0,148143,futex,2023-02-10 13:52:11
1676008332724022931,jboss1,java -server -Xms128m -Xmx512m -XX:MaxPermSize=256m -Dorg.jboss.resolver.warning=true -Dsun.rmi.dgc.client.gcInterval=3600000 -Dsun.rmi.dgc.server.gcInterval=3600000 -Djava.net.preferIPv4Stack=true -Dprogram.name=run.sh -Dlogging.configuration=file:/jboss-6.1.0.Final/bin/logging.properties -Djava.library.path=/jboss-6.1.0.Final/bin/native/lib64 -Djava.endorsed.dirs=/jboss-6.1.0.Final/lib/endorsed -classpath /jboss-6.1.0.Final/bin/run.jar:/usr/lib/jvm/java-6-oracle/lib/tools.jar org.jboss.Main --host=0.0.0.0,148143,futex,2023-02-10 13:52:12
1676008333743439295,jboss1,java -server -Xms128m -Xmx512m -XX:MaxPermSize=256m -Dorg.jboss.resolver.warning=true -Dsun.rmi.dgc.client.gcInterval=3600000 -Dsun.rmi.dgc.server.gcInterval=3600000 -Djava.net.preferIPv4Stack=true -Dprogram.name=run.sh -Dlogging.configuration=file:/jboss-6.1.0.Final/bin/logging.properties -Djava.library.path=/jboss-6.1.0.Final/bin/native/lib64 -Djava.endorsed.dirs=/jboss-6.1.0.Final/lib/endorsed -classpath /jboss-6.1.0.Final/bin/run.jar:/usr/lib/jvm/java-6-oracle/lib/tools.jar org.jboss.Main --host=0.0.0.0,148143,futex,2023-02-10 13:52:13
1676008334737063879,jboss1,java -server -Xms128m -Xmx512m -XX:MaxPermSize=256m -Dorg.jboss.resolver.warning=true -Dsun.rmi.dgc.client.gcInterval=3600000 -Dsun.rmi.dgc.server.gcInterval=3600000 -Djava.net.preferIPv4Stack=true -Dprogram.name=run.sh -Dlogging.configuration=file:/jboss-6.1.0.Final/bin/logging.properties -Djava.library.path=/jboss-6.1.0.Final/bin/native/lib64 -Djava.endorsed.dirs=/jboss-6.1.0.Final/lib/endorsed -classpath /jboss-6.1.0.Final/bin/run.jar:/usr/lib/jvm/java-6-oracle/lib/tools.jar org.jboss.Main --host=0.0.0.0,148143,futex,2023-02-10 13:52:14
1676008335756160035,jboss1,java -server -Xms128m -Xmx512m -XX:MaxPermSize=256m -Dorg.jboss.resolver.warning=true -Dsun.rmi.dgc.client.gcInterval=3600000 -Dsun.rmi.dgc.server.gcInterval=3600000 -Djava.net.preferIPv4Stack=true -Dprogram.name=run.sh -Dlogging.configuration=file:/jboss-6.1.0.Final/bin/logging.properties -Djava.library.path=/jboss-6.1.0.Final/bin/native/lib64 -Djava.endorsed.dirs=/jboss-6.1.0.Final/lib/endorsed -classpath /jboss-6.1.0.Final/bin/run.jar:/usr/lib/jvm/java-6-oracle/lib/tools.jar org.jboss.Main --host=0.0.0.0,148143,futex,2023-02-10 13:52:15
1676008336757697623,jboss1,java -server -Xms128m -Xmx512m -XX:MaxPermSize=256m -Dorg.jboss.resolver.warning=true -Dsun.rmi.dgc.client.gcInterval=3600000 -Dsun.rmi.dgc.server.gcInterval=3600000 -Djava.net.preferIPv4Stack=true -Dprogram.name=run.sh -Dlogging.configuration=file:/jboss-6.1.0.Final/bin/logging.properties -Djava.library.path=/jboss-6.1.0.Final/bin/native/lib64 -Djava.endorsed.dirs=/jboss-6.1.0.Final/lib/endorsed -classpath /jboss-6.1.0.Final/bin/run.jar:/usr/lib/jvm/java-6-oracle/lib/tools.jar org.jboss.Main --host=0.0.0.0,148143,futex,2023-02-10 13:52:16
1676008337749480003,jboss1,java -server -Xms128m -Xmx512m -XX:MaxPermSize=256m -Dorg.jboss.resolver.warning=true -Dsun.rmi.dgc.client.gcInterval=3600000 -Dsun.rmi.dgc.server.gcInterval=3600000 -Djava.net.preferIPv4Stack=true -Dprogram.name=run.sh -Dlogging.configuration=file:/jboss-6.1.0.Final/bin/logging.properties -Djava.library.path=/jboss-6.1.0.Final/bin/native/lib64 -Djava.endorsed.dirs=/jboss-6.1.0.Final/lib/endorsed -classpath /jboss-6.1.0.Final/bin/run.jar:/usr/lib/jvm/java-6-oracle/lib/tools.jar org.jboss.Main --host=0.0.0.0,148143,futex,2023-02-10 13:52:17
1676008338729166608,jboss1,java -server -Xms128m -Xmx512m -XX:MaxPermSize=256m -Dorg.jboss.resolver.warning=true -Dsun.rmi.dgc.client.gcInterval=3600000 -Dsun.rmi.dgc.server.gcInterval=3600000 -Djava.net.preferIPv4Stack=true -Dprogram.name=run.sh -Dlogging.configuration=file:/jboss-6.1.0.Final/bin/logging.properties -Djava.library.path=/jboss-6.1.0.Final/bin/native/lib64 -Djava.endorsed.dirs=/jboss-6.1.0.Final/lib/endorsed -classpath /jboss-6.1.0.Final/bin/run.jar:/usr/lib/jvm/java-6-oracle/lib/tools.jar org.jboss.Main --host=0.0.0.0,148143,futex,2023-02-10 13:52:18
1676008339762655759,jboss1,java -server -Xms128m -Xmx512m -XX:MaxPermSize=256m -Dorg.jboss.resolver.warning=true -Dsun.rmi.dgc.client.gcInterval=3600000 -Dsun.rmi.dgc.server.gcInterval=3600000 -Djava.net.preferIPv4Stack=true -Dprogram.name=run.sh -Dlogging.configuration=file:/jboss-6.1.0.Final/bin/logging.properties -Djava.library.path=/jboss-6.1.0.Final/bin/native/lib64 -Djava.endorsed.dirs=/jboss-6.1.0.Final/lib/endorsed -classpath /jboss-6.1.0.Final/bin/run.jar:/usr/lib/jvm/java-6-oracle/lib/tools.jar org.jboss.Main --host=0.0.0.0,148143,futex,2023-02-10 13:52:19
1676008340743926159,jboss1,java -server -Xms128m -Xmx512m -XX:MaxPermSize=256m -Dorg.jboss.resolver.warning=true -Dsun.rmi.dgc.client.gcInterval=3600000 -Dsun.rmi.dgc.server.gcInterval=3600000 -Djava.net.preferIPv4Stack=true -Dprogram.name=run.sh -Dlogging.configuration=file:/jboss-6.1.0.Final/bin/logging.properties -Djava.library.path=/jboss-6.1.0.Final/bin/native/lib64 -Djava.endorsed.dirs=/jboss-6.1.0.Final/lib/endorsed -classpath /jboss-6.1.0.Final/bin/run.jar:/usr/lib/jvm/java-6-oracle/lib/tools.jar org.jboss.Main --host=0.0.0.0,148143,futex,2023-02-10 13:52:20
1676008341765650095,jboss1,java -server -Xms128m -Xmx512m -XX:MaxPermSize=256m -Dorg.jboss.resolver.warning=true -Dsun.rmi.dgc.client.gcInterval=3600000 -Dsun.rmi.dgc.server.gcInterval=3600000 -Djava.net.preferIPv4Stack=true -Dprogram.name=run.sh -Dlogging.configuration=file:/jboss-6.1.0.Final/bin/logging.properties -Djava.library.path=/jboss-6.1.0.Final/bin/native/lib64 -Djava.endorsed.dirs=/jboss-6.1.0.Final/lib/endorsed -classpath /jboss-6.1.0.Final/bin/run.jar:/usr/lib/jvm/java-6-oracle/lib/tools.jar org.jboss.Main --host=0.0.0.0,148143,futex,2023-02-10 13:52:21
1676008342773167280,jboss1,java -server -Xms128m -Xmx512m -XX:MaxPermSize=256m -Dorg.jboss.resolver.warning=true -Dsun.rmi.dgc.client.gcInterval=3600000 -Dsun.rmi.dgc.server.gcInterval=3600000 -Djava.net.preferIPv4Stack=true -Dprogram.name=run.sh -Dlogging.configuration=file:/jboss-6.1.0.Final/bin/logging.properties -Djava.library.path=/jboss-6.1.0.Final/bin/native/lib64 -Djava.endorsed.dirs=/jboss-6.1.0.Final/lib/endorsed -classpath /jboss-6.1.0.Final/bin/run.jar:/usr/lib/jvm/java-6-oracle/lib/tools.jar org.jboss.Main --host=0.0.0.0,148143,futex,2023-02-10 13:52:22
1676008343751581270,jboss1,java -server -Xms128m -Xmx512m -XX:MaxPermSize=256m -Dorg.jboss.resolver.warning=true -Dsun.rmi.dgc.client.gcInterval=3600000 -Dsun.rmi.dgc.server.gcInterval=3600000 -Djava.net.preferIPv4Stack=true -Dprogram.name=run.sh -Dlogging.configuration=file:/jboss-6.1.0.Final/bin/logging.properties -Djava.library.path=/jboss-6.1.0.Final/bin/native/lib64 -Djava.endorsed.dirs=/jboss-6.1.0.Final/lib/endorsed -classpath /jboss-6.1.0.Final/bin/run.jar:/usr/lib/jvm/java-6-oracle/lib/tools.jar org.jboss.Main --host=0.0.0.0,148143,futex,2023-02-10 13:52:23
1676008344734066393,jboss1,java -server -Xms128m -Xmx512m -XX:MaxPermSize=256m -Dorg.jboss.resolver.warning=true -Dsun.rmi.dgc.client.gcInterval=3600000 -Dsun.rmi.dgc.server.gcInterval=3600000 -Djava.net.preferIPv4Stack=true -Dprogram.name=run.sh -Dlogging.configuration=file:/jboss-6.1.0.Final/bin/logging.properties -Djava.library.path=/jboss-6.1.0.Final/bin/native/lib64 -Djava.endorsed.dirs=/jboss-6.1.0.Final/lib/endorsed -classpath /jboss-6.1.0.Final/bin/run.jar:/usr/lib/jvm/java-6-oracle/lib/tools.jar org.jboss.Main --host=0.0.0.0,148143,futex,2023-02-10 13:52:24
1676008345755142180,jboss1,java -server -Xms128m -Xmx512m -XX:MaxPermSize=256m -Dorg.jboss.resolver.warning=true -Dsun.rmi.dgc.client.gcInterval=3600000 -Dsun.rmi.dgc.server.gcInterval=3600000 -Djava.net.preferIPv4Stack=true -Dprogram.name=run.sh -Dlogging.configuration=file:/jboss-6.1.0.Final/bin/logging.properties -Djava.library.path=/jboss-6.1.0.Final/bin/native/lib64 -Djava.endorsed.dirs=/jboss-6.1.0.Final/lib/endorsed -classpath /jboss-6.1.0.Final/bin/run.jar:/usr/lib/jvm/java-6-oracle/lib/tools.jar org.jboss.Main --host=0.0.0.0,148143,futex,2023-02-10 13:52:25
1676008346786349037,jboss1,java -server -Xms128m -Xmx512m -XX:MaxPermSize=256m -Dorg.jboss.resolver.warning=true -Dsun.rmi.dgc.client.gcInterval=3600000 -Dsun.rmi.dgc.server.gcInterval=3600000 -Djava.net.preferIPv4Stack=true -Dprogram.name=run.sh -Dlogging.configuration=file:/jboss-6.1.0.Final/bin/logging.properties -Djava.library.path=/jboss-6.1.0.Final/bin/native/lib64 -Djava.endorsed.dirs=/jboss-6.1.0.Final/lib/endorsed -classpath /jboss-6.1.0.Final/bin/run.jar:/usr/lib/jvm/java-6-oracle/lib/tools.jar org.jboss.Main --host=0.0.0.0,148143,futex,2023-02-10 13:52:26
1676008347756335261,jboss1,java -server -Xms128m -Xmx512m -XX:MaxPermSize=256m -Dorg.jboss.resolver.warning=true -Dsun.rmi.dgc.client.gcInterval=3600000 -Dsun.rmi.dgc.server.gcInterval=3600000 -Djava.net.preferIPv4Stack=true -Dprogram.name=run.sh -Dlogging.configuration=file:/jboss-6.1.0.Final/bin/logging.properties -Djava.library.path=/jboss-6.1.0.Final/bin/native/lib64 -Djava.endorsed.dirs=/jboss-6.1.0.Final/lib/endorsed -classpath /jboss-6.1.0.Final/bin/run.jar:/usr/lib/jvm/java-6-oracle/lib/tools.jar org.jboss.Main --host=0.0.0.0,148143,futex,2023-02-10 13:52:27
1676008348752344257,jboss1,java -server -Xms128m -Xmx512m -XX:MaxPermSize=256m -Dorg.jboss.resolver.warning=true -Dsun.rmi.dgc.client.gcInterval=3600000 -Dsun.rmi.dgc.server.gcInterval=3600000 -Djava.net.preferIPv4Stack=true -Dprogram.name=run.sh -Dlogging.configuration=file:/jboss-6.1.0.Final/bin/logging.properties -Djava.library.path=/jboss-6.1.0.Final/bin/native/lib64 -Djava.endorsed.dirs=/jboss-6.1.0.Final/lib/endorsed -classpath /jboss-6.1.0.Final/bin/run.jar:/usr/lib/jvm/java-6-oracle/lib/tools.jar org.jboss.Main --host=0.0.0.0,148143,futex,2023-02-10 13:52:28
1676008349766613903,jboss1,java -server -Xms128m -Xmx512m -XX:MaxPermSize=256m -Dorg.jboss.resolver.warning=true -Dsun.rmi.dgc.client.gcInterval=3600000 -Dsun.rmi.dgc.server.gcInterval=3600000 -Djava.net.preferIPv4Stack=true -Dprogram.name=run.sh -Dlogging.configuration=file:/jboss-6.1.0.Final/bin/logging.properties -Djava.library.path=/jboss-6.1.0.Final/bin/native/lib64 -Djava.endorsed.dirs=/jboss-6.1.0.Final/lib/endorsed -classpath /jboss-6.1.0.Final/bin/run.jar:/usr/lib/jvm/java-6-oracle/lib/tools.jar org.jboss.Main --host=0.0.0.0,148143,futex,2023-02-10 13:52:29
1676008350747794271,jboss1,java -server -Xms128m -Xmx512m -XX:MaxPermSize=256m -Dorg.jboss.resolver.warning=true -Dsun.rmi.dgc.client.gcInterval=3600000 -Dsun.rmi.dgc.server.gcInterval=3600000 -Djava.net.preferIPv4Stack=true -Dprogram.name=run.sh -Dlogging.configuration=file:/jboss-6.1.0.Final/bin/logging.properties -Djava.library.path=/jboss-6.1.0.Final/bin/native/lib64 -Djava.endorsed.dirs=/jboss-6.1.0.Final/lib/endorsed -classpath /jboss-6.1.0.Final/bin/run.jar:/usr/lib/jvm/java-6-oracle/lib/tools.jar org.jboss.Main --host=0.0.0.0,148143,futex,2023-02-10 13:52:30
1676008351750875919,jboss1,java -server -Xms128m -Xmx512m -XX:MaxPermSize=256m -Dorg.jboss.resolver.warning=true -Dsun.rmi.dgc.client.gcInterval=3600000 -Dsun.rmi.dgc.server.gcInterval=3600000 -Djava.net.preferIPv4Stack=true -Dprogram.name=run.sh -Dlogging.configuration=file:/jboss-6.1.0.Final/bin/logging.properties -Djava.library.path=/jboss-6.1.0.Final/bin/native/lib64 -Djava.endorsed.dirs=/jboss-6.1.0.Final/lib/endorsed -classpath /jboss-6.1.0.Final/bin/run.jar:/usr/lib/jvm/java-6-oracle/lib/tools.jar org.jboss.Main --host=0.0.0.0,148143,futex,2023-02-10 13:52:31
1676008352735192712,jboss1,java -server -Xms128m -Xmx512m -XX:MaxPermSize=256m -Dorg.jboss.resolver.warning=true -Dsun.rmi.dgc.client.gcInterval=3600000 -Dsun.rmi.dgc.server.gcInterval=3600000 -Djava.net.preferIPv4Stack=true -Dprogram.name=run.sh -Dlogging.configuration=file:/jboss-6.1.0.Final/bin/logging.properties -Djava.library.path=/jboss-6.1.0.Final/bin/native/lib64 -Djava.endorsed.dirs=/jboss-6.1.0.Final/lib/endorsed -classpath /jboss-6.1.0.Final/bin/run.jar:/usr/lib/jvm/java-6-oracle/lib/tools.jar org.jboss.Main --host=0.0.0.0,148143,futex,2023-02-10 13:52:32
1676008353771072949,jboss1,java -server -Xms128m -Xmx512m -XX:MaxPermSize=256m -Dorg.jboss.resolver.warning=true -Dsun.rmi.dgc.client.gcInterval=3600000 -Dsun.rmi.dgc.server.gcInterval=3600000 -Djava.net.preferIPv4Stack=true -Dprogram.name=run.sh -Dlogging.configuration=file:/jboss-6.1.0.Final/bin/logging.properties -Djava.library.path=/jboss-6.1.0.Final/bin/native/lib64 -Djava.endorsed.dirs=/jboss-6.1.0.Final/lib/endorsed -classpath /jboss-6.1.0.Final/bin/run.jar:/usr/lib/jvm/java-6-oracle/lib/tools.jar org.jboss.Main --host=0.0.0.0,148143,futex,2023-02-10 13:52:33
1676008354740679216,jboss1,java -server -Xms128m -Xmx512m -XX:MaxPermSize=256m -Dorg.jboss.resolver.warning=true -Dsun.rmi.dgc.client.gcInterval=3600000 -Dsun.rmi.dgc.server.gcInterval=3600000 -Djava.net.preferIPv4Stack=true -Dprogram.name=run.sh -Dlogging.configuration=file:/jboss-6.1.0.Final/bin/logging.properties -Djava.library.path=/jboss-6.1.0.Final/bin/native/lib64 -Djava.endorsed.dirs=/jboss-6.1.0.Final/lib/endorsed -classpath /jboss-6.1.0.Final/bin/run.jar:/usr/lib/jvm/java-6-oracle/lib/tools.jar org.jboss.Main --host=0.0.0.0,148143,futex,2023-02-10 13:52:34
1676008355722405773,jboss1,java -server -Xms128m -Xmx512m -XX:MaxPermSize=256m -Dorg.jboss.resolver.warning=true -Dsun.rmi.dgc.client.gcInterval=3600000 -Dsun.rmi.dgc.server.gcInterval=3600000 -Djava.net.preferIPv4Stack=true -Dprogram.name=run.sh -Dlogging.configuration=file:/jboss-6.1.0.Final/bin/logging.properties -Djava.library.path=/jboss-6.1.0.Final/bin/native/lib64 -Djava.endorsed.dirs=/jboss-6.1.0.Final/lib/endorsed -classpath /jboss-6.1.0.Final/bin/run.jar:/usr/lib/jvm/java-6-oracle/lib/tools.jar org.jboss.Main --host=0.0.0.0,148143,futex,2023-02-10 13:52:35
1676008356750722880,jboss1,java -server -Xms128m -Xmx512m -XX:MaxPermSize=256m -Dorg.jboss.resolver.warning=true -Dsun.rmi.dgc.client.gcInterval=3600000 -Dsun.rmi.dgc.server.gcInterval=3600000 -Djava.net.preferIPv4Stack=true -Dprogram.name=run.sh -Dlogging.configuration=file:/jboss-6.1.0.Final/bin/logging.properties -Djava.library.path=/jboss-6.1.0.Final/bin/native/lib64 -Djava.endorsed.dirs=/jboss-6.1.0.Final/lib/endorsed -classpath /jboss-6.1.0.Final/bin/run.jar:/usr/lib/jvm/java-6-oracle/lib/tools.jar org.jboss.Main --host=0.0.0.0,148143,futex,2023-02-10 13:52:36
1676008357768096846,jboss1,java -server -Xms128m -Xmx512m -XX:MaxPermSize=256m -Dorg.jboss.resolver.warning=true -Dsun.rmi.dgc.client.gcInterval=3600000 -Dsun.rmi.dgc.server.gcInterval=3600000 -Djava.net.preferIPv4Stack=true -Dprogram.name=run.sh -Dlogging.configuration=file:/jboss-6.1.0.Final/bin/logging.properties -Djava.library.path=/jboss-6.1.0.Final/bin/native/lib64 -Djava.endorsed.dirs=/jboss-6.1.0.Final/lib/endorsed -classpath /jboss-6.1.0.Final/bin/run.jar:/usr/lib/jvm/java-6-oracle/lib/tools.jar org.jboss.Main --host=0.0.0.0,148143,futex,2023-02-10 13:52:37
1676008358730952713,jboss1,java -server -Xms128m -Xmx512m -XX:MaxPermSize=256m -Dorg.jboss.resolver.warning=true -Dsun.rmi.dgc.client.gcInterval=3600000 -Dsun.rmi.dgc.server.gcInterval=3600000 -Djava.net.preferIPv4Stack=true -Dprogram.name=run.sh -Dlogging.configuration=file:/jboss-6.1.0.Final/bin/logging.properties -Djava.library.path=/jboss-6.1.0.Final/bin/native/lib64 -Djava.endorsed.dirs=/jboss-6.1.0.Final/lib/endorsed -classpath /jboss-6.1.0.Final/bin/run.jar:/usr/lib/jvm/java-6-oracle/lib/tools.jar org.jboss.Main --host=0.0.0.0,148143,futex,2023-02-10 13:52:38
1676008359753810809,jboss1,java -server -Xms128m -Xmx512m -XX:MaxPermSize=256m -Dorg.jboss.resolver.warning=true -Dsun.rmi.dgc.client.gcInterval=3600000 -Dsun.rmi.dgc.server.gcInterval=3600000 -Djava.net.preferIPv4Stack=true -Dprogram.name=run.sh -Dlogging.configuration=file:/jboss-6.1.0.Final/bin/logging.properties -Djava.library.path=/jboss-6.1.0.Final/bin/native/lib64 -Djava.endorsed.dirs=/jboss-6.1.0.Final/lib/endorsed -classpath /jboss-6.1.0.Final/bin/run.jar:/usr/lib/jvm/java-6-oracle/lib/tools.jar org.jboss.Main --host=0.0.0.0,148143,futex,2023-02-10 13:52:39
1676008360733382057,jboss1,java -server -Xms128m -Xmx512m -XX:MaxPermSize=256m -Dorg.jboss.resolver.warning=true -Dsun.rmi.dgc.client.gcInterval=3600000 -Dsun.rmi.dgc.server.gcInterval=3600000 -Djava.net.preferIPv4Stack=true -Dprogram.name=run.sh -Dlogging.configuration=file:/jboss-6.1.0.Final/bin/logging.properties -Djava.library.path=/jboss-6.1.0.Final/bin/native/lib64 -Djava.endorsed.dirs=/jboss-6.1.0.Final/lib/endorsed -classpath /jboss-6.1.0.Final/bin/run.jar:/usr/lib/jvm/java-6-oracle/lib/tools.jar org.jboss.Main --host=0.0.0.0,148143,futex,2023-02-10 13:52:40
1676008361746932602,jboss1,java -server -Xms128m -Xmx512m -XX:MaxPermSize=256m -Dorg.jboss.resolver.warning=true -Dsun.rmi.dgc.client.gcInterval=3600000 -Dsun.rmi.dgc.server.gcInterval=3600000 -Djava.net.preferIPv4Stack=true -Dprogram.name=run.sh -Dlogging.configuration=file:/jboss-6.1.0.Final/bin/logging.properties -Djava.library.path=/jboss-6.1.0.Final/bin/native/lib64 -Djava.endorsed.dirs=/jboss-6.1.0.Final/lib/endorsed -classpath /jboss-6.1.0.Final/bin/run.jar:/usr/lib/jvm/java-6-oracle/lib/tools.jar org.jboss.Main --host=0.0.0.0,148143,futex,2023-02-10 13:52:41
1676008362742761988,jboss1,java -server -Xms128m -Xmx512m -XX:MaxPermSize=256m -Dorg.jboss.resolver.warning=true -Dsun.rmi.dgc.client.gcInterval=3600000 -Dsun.rmi.dgc.server.gcInterval=3600000 -Djava.net.preferIPv4Stack=true -Dprogram.name=run.sh -Dlogging.configuration=file:/jboss-6.1.0.Final/bin/logging.properties -Djava.library.path=/jboss-6.1.0.Final/bin/native/lib64 -Djava.endorsed.dirs=/jboss-6.1.0.Final/lib/endorsed -classpath /jboss-6.1.0.Final/bin/run.jar:/usr/lib/jvm/java-6-oracle/lib/tools.jar org.jboss.Main --host=0.0.0.0,148143,futex,2023-02-10 13:52:42
1676008363764306925,jboss1,java -server -Xms128m -Xmx512m -XX:MaxPermSize=256m -Dorg.jboss.resolver.warning=true -Dsun.rmi.dgc.client.gcInterval=3600000 -Dsun.rmi.dgc.server.gcInterval=3600000 -Djava.net.preferIPv4Stack=true -Dprogram.name=run.sh -Dlogging.configuration=file:/jboss-6.1.0.Final/bin/logging.properties -Djava.library.path=/jboss-6.1.0.Final/bin/native/lib64 -Djava.endorsed.dirs=/jboss-6.1.0.Final/lib/endorsed -classpath /jboss-6.1.0.Final/bin/run.jar:/usr/lib/jvm/java-6-oracle/lib/tools.jar org.jboss.Main --host=0.0.0.0,148143,futex,2023-02-10 13:52:43
1676008364752979547,jboss1,java -server -Xms128m -Xmx512m -XX:MaxPermSize=256m -Dorg.jboss.resolver.warning=true -Dsun.rmi.dgc.client.gcInterval=3600000 -Dsun.rmi.dgc.server.gcInterval=3600000 -Djava.net.preferIPv4Stack=true -Dprogram.name=run.sh -Dlogging.configuration=file:/jboss-6.1.0.Final/bin/logging.properties -Djava.library.path=/jboss-6.1.0.Final/bin/native/lib64 -Djava.endorsed.dirs=/jboss-6.1.0.Final/lib/endorsed -classpath /jboss-6.1.0.Final/bin/run.jar:/usr/lib/jvm/java-6-oracle/lib/tools.jar org.jboss.Main --host=0.0.0.0,148143,futex,2023-02-10 13:52:44
1676008365755163186,jboss1,java -server -Xms128m -Xmx512m -XX:MaxPermSize=256m -Dorg.jboss.resolver.warning=true -Dsun.rmi.dgc.client.gcInterval=3600000 -Dsun.rmi.dgc.server.gcInterval=3600000 -Djava.net.preferIPv4Stack=true -Dprogram.name=run.sh -Dlogging.configuration=file:/jboss-6.1.0.Final/bin/logging.properties -Djava.library.path=/jboss-6.1.0.Final/bin/native/lib64 -Djava.endorsed.dirs=/jboss-6.1.0.Final/lib/endorsed -classpath /jboss-6.1.0.Final/bin/run.jar:/usr/lib/jvm/java-6-oracle/lib/tools.jar org.jboss.Main --host=0.0.0.0,148143,futex,2023-02-10 13:52:45
1676008366758657432,jboss1,java -server -Xms128m -Xmx512m -XX:MaxPermSize=256m -Dorg.jboss.resolver.warning=true -Dsun.rmi.dgc.client.gcInterval=3600000 -Dsun.rmi.dgc.server.gcInterval=3600000 -Djava.net.preferIPv4Stack=true -Dprogram.name=run.sh -Dlogging.configuration=file:/jboss-6.1.0.Final/bin/logging.properties -Djava.library.path=/jboss-6.1.0.Final/bin/native/lib64 -Djava.endorsed.dirs=/jboss-6.1.0.Final/lib/endorsed -classpath /jboss-6.1.0.Final/bin/run.jar:/usr/lib/jvm/java-6-oracle/lib/tools.jar org.jboss.Main --host=0.0.0.0,148143,futex,2023-02-10 13:52:46
1676008367737478539,jboss1,java -server -Xms128m -Xmx512m -XX:MaxPermSize=256m -Dorg.jboss.resolver.warning=true -Dsun.rmi.dgc.client.gcInterval=3600000 -Dsun.rmi.dgc.server.gcInterval=3600000 -Djava.net.preferIPv4Stack=true -Dprogram.name=run.sh -Dlogging.configuration=file:/jboss-6.1.0.Final/bin/logging.properties -Djava.library.path=/jboss-6.1.0.Final/bin/native/lib64 -Djava.endorsed.dirs=/jboss-6.1.0.Final/lib/endorsed -classpath /jboss-6.1.0.Final/bin/run.jar:/usr/lib/jvm/java-6-oracle/lib/tools.jar org.jboss.Main --host=0.0.0.0,148143,futex,2023-02-10 13:52:47
1676008368730886371,jboss1,java -server -Xms128m -Xmx512m -XX:MaxPermSize=256m -Dorg.jboss.resolver.warning=true -Dsun.rmi.dgc.client.gcInterval=3600000 -Dsun.rmi.dgc.server.gcInterval=3600000 -Djava.net.preferIPv4Stack=true -Dprogram.name=run.sh -Dlogging.configuration=file:/jboss-6.1.0.Final/bin/logging.properties -Djava.library.path=/jboss-6.1.0.Final/bin/native/lib64 -Djava.endorsed.dirs=/jboss-6.1.0.Final/lib/endorsed -classpath /jboss-6.1.0.Final/bin/run.jar:/usr/lib/jvm/java-6-oracle/lib/tools.jar org.jboss.Main --host=0.0.0.0,148143,futex,2023-02-10 13:52:48
1676008369760169511,jboss1,java -server -Xms128m -Xmx512m -XX:MaxPermSize=256m -Dorg.jboss.resolver.warning=true -Dsun.rmi.dgc.client.gcInterval=3600000 -Dsun.rmi.dgc.server.gcInterval=3600000 -Djava.net.preferIPv4Stack=true -Dprogram.name=run.sh -Dlogging.configuration=file:/jboss-6.1.0.Final/bin/logging.properties -Djava.library.path=/jboss-6.1.0.Final/bin/native/lib64 -Djava.endorsed.dirs=/jboss-6.1.0.Final/lib/endorsed -classpath /jboss-6.1.0.Final/bin/run.jar:/usr/lib/jvm/java-6-oracle/lib/tools.jar org.jboss.Main --host=0.0.0.0,148143,futex,2023-02-10 13:52:49
1676008370734332502,jboss1,java -server -Xms128m -Xmx512m -XX:MaxPermSize=256m -Dorg.jboss.resolver.warning=true -Dsun.rmi.dgc.client.gcInterval=3600000 -Dsun.rmi.dgc.server.gcInterval=3600000 -Djava.net.preferIPv4Stack=true -Dprogram.name=run.sh -Dlogging.configuration=file:/jboss-6.1.0.Final/bin/logging.properties -Djava.library.path=/jboss-6.1.0.Final/bin/native/lib64 -Djava.endorsed.dirs=/jboss-6.1.0.Final/lib/endorsed -classpath /jboss-6.1.0.Final/bin/run.jar:/usr/lib/jvm/java-6-oracle/lib/tools.jar org.jboss.Main --host=0.0.0.0,148143,futex,2023-02-10 13:52:50
1676008371727524712,jboss1,java -server -Xms128m -Xmx512m -XX:MaxPermSize=256m -Dorg.jboss.resolver.warning=true -Dsun.rmi.dgc.client.gcInterval=3600000 -Dsun.rmi.dgc.server.gcInterval=3600000 -Djava.net.preferIPv4Stack=true -Dprogram.name=run.sh -Dlogging.configuration=file:/jboss-6.1.0.Final/bin/logging.properties -Djava.library.path=/jboss-6.1.0.Final/bin/native/lib64 -Djava.endorsed.dirs=/jboss-6.1.0.Final/lib/endorsed -classpath /jboss-6.1.0.Final/bin/run.jar:/usr/lib/jvm/java-6-oracle/lib/tools.jar org.jboss.Main --host=0.0.0.0,148143,stat,2023-02-10 13:52:51
1676008372743761490,jboss1,java -server -Xms128m -Xmx512m -XX:MaxPermSize=256m -Dorg.jboss.resolver.warning=true -Dsun.rmi.dgc.client.gcInterval=3600000 -Dsun.rmi.dgc.server.gcInterval=3600000 -Djava.net.preferIPv4Stack=true -Dprogram.name=run.sh -Dlogging.configuration=file:/jboss-6.1.0.Final/bin/logging.properties -Djava.library.path=/jboss-6.1.0.Final/bin/native/lib64 -Djava.endorsed.dirs=/jboss-6.1.0.Final/lib/endorsed -classpath /jboss-6.1.0.Final/bin/run.jar:/usr/lib/jvm/java-6-oracle/lib/tools.jar org.jboss.Main --host=0.0.0.0,148143,futex,2023-02-10 13:52:52
1676008373763937116,jboss1,java -server -Xms128m -Xmx512m -XX:MaxPermSize=256m -Dorg.jboss.resolver.warning=true -Dsun.rmi.dgc.client.gcInterval=3600000 -Dsun.rmi.dgc.server.gcInterval=3600000 -Djava.net.preferIPv4Stack=true -Dprogram.name=run.sh -Dlogging.configuration=file:/jboss-6.1.0.Final/bin/logging.properties -Djava.library.path=/jboss-6.1.0.Final/bin/native/lib64 -Djava.endorsed.dirs=/jboss-6.1.0.Final/lib/endorsed -classpath /jboss-6.1.0.Final/bin/run.jar:/usr/lib/jvm/java-6-oracle/lib/tools.jar org.jboss.Main --host=0.0.0.0,148143,futex,2023-02-10 13:52:53
1676008374739107779,jboss1,java -server -Xms128m -Xmx512m -XX:MaxPermSize=256m -Dorg.jboss.resolver.warning=true -Dsun.rmi.dgc.client.gcInterval=3600000 -Dsun.rmi.dgc.server.gcInterval=3600000 -Djava.net.preferIPv4Stack=true -Dprogram.name=run.sh -Dlogging.configuration=file:/jboss-6.1.0.Final/bin/logging.properties -Djava.library.path=/jboss-6.1.0.Final/bin/native/lib64 -Djava.endorsed.dirs=/jboss-6.1.0.Final/lib/endorsed -classpath /jboss-6.1.0.Final/bin/run.jar:/usr/lib/jvm/java-6-oracle/lib/tools.jar org.jboss.Main --host=0.0.0.0,148143,futex,2023-02-10 13:52:54
1676008375747094013,jboss1,java -server -Xms128m -Xmx512m -XX:MaxPermSize=256m -Dorg.jboss.resolver.warning=true -Dsun.rmi.dgc.client.gcInterval=3600000 -Dsun.rmi.dgc.server.gcInterval=3600000 -Djava.net.preferIPv4Stack=true -Dprogram.name=run.sh -Dlogging.configuration=file:/jboss-6.1.0.Final/bin/logging.properties -Djava.library.path=/jboss-6.1.0.Final/bin/native/lib64 -Djava.endorsed.dirs=/jboss-6.1.0.Final/lib/endorsed -classpath /jboss-6.1.0.Final/bin/run.jar:/usr/lib/jvm/java-6-oracle/lib/tools.jar org.jboss.Main --host=0.0.0.0,148143,futex,2023-02-10 13:52:55
1676008376736659727,jboss1,java -server -Xms128m -Xmx512m -XX:MaxPermSize=256m -Dorg.jboss.resolver.warning=true -Dsun.rmi.dgc.client.gcInterval=3600000 -Dsun.rmi.dgc.server.gcInterval=3600000 -Djava.net.preferIPv4Stack=true -Dprogram.name=run.sh -Dlogging.configuration=file:/jboss-6.1.0.Final/bin/logging.properties -Djava.library.path=/jboss-6.1.0.Final/bin/native/lib64 -Djava.endorsed.dirs=/jboss-6.1.0.Final/lib/endorsed -classpath /jboss-6.1.0.Final/bin/run.jar:/usr/lib/jvm/java-6-oracle/lib/tools.jar org.jboss.Main --host=0.0.0.0,148143,stat,2023-02-10 13:52:56
1676008377751853661,jboss1,java -server -Xms128m -Xmx512m -XX:MaxPermSize=256m -Dorg.jboss.resolver.warning=true -Dsun.rmi.dgc.client.gcInterval=3600000 -Dsun.rmi.dgc.server.gcInterval=3600000 -Djava.net.preferIPv4Stack=true -Dprogram.name=run.sh -Dlogging.configuration=file:/jboss-6.1.0.Final/bin/logging.properties -Djava.library.path=/jboss-6.1.0.Final/bin/native/lib64 -Djava.endorsed.dirs=/jboss-6.1.0.Final/lib/endorsed -classpath /jboss-6.1.0.Final/bin/run.jar:/usr/lib/jvm/java-6-oracle/lib/tools.jar org.jboss.Main --host=0.0.0.0,148143,futex,2023-02-10 13:52:57
1676008378736821487,jboss1,java -server -Xms128m -Xmx512m -XX:MaxPermSize=256m -Dorg.jboss.resolver.warning=true -Dsun.rmi.dgc.client.gcInterval=3600000 -Dsun.rmi.dgc.server.gcInterval=3600000 -Djava.net.preferIPv4Stack=true -Dprogram.name=run.sh -Dlogging.configuration=file:/jboss-6.1.0.Final/bin/logging.properties -Djava.library.path=/jboss-6.1.0.Final/bin/native/lib64 -Djava.endorsed.dirs=/jboss-6.1.0.Final/lib/endorsed -classpath /jboss-6.1.0.Final/bin/run.jar:/usr/lib/jvm/java-6-oracle/lib/tools.jar org.jboss.Main --host=0.0.0.0,148143,futex,2023-02-10 13:52:58
1676008379754285992,jboss1,java -server -Xms128m -Xmx512m -XX:MaxPermSize=256m -Dorg.jboss.resolver.warning=true -Dsun.rmi.dgc.client.gcInterval=3600000 -Dsun.rmi.dgc.server.gcInterval=3600000 -Djava.net.preferIPv4Stack=true -Dprogram.name=run.sh -Dlogging.configuration=file:/jboss-6.1.0.Final/bin/logging.properties -Djava.library.path=/jboss-6.1.0.Final/bin/native/lib64 -Djava.endorsed.dirs=/jboss-6.1.0.Final/lib/endorsed -classpath /jboss-6.1.0.Final/bin/run.jar:/usr/lib/jvm/java-6-oracle/lib/tools.jar org.jboss.Main --host=0.0.0.0,148143,futex,2023-02-10 13:52:59
1676008380754696977,jboss1,java -server -Xms128m -Xmx512m -XX:MaxPermSize=256m -Dorg.jboss.resolver.warning=true -Dsun.rmi.dgc.client.gcInterval=3600000 -Dsun.rmi.dgc.server.gcInterval=3600000 -Djava.net.preferIPv4Stack=true -Dprogram.name=run.sh -Dlogging.configuration=file:/jboss-6.1.0.Final/bin/logging.properties -Djava.library.path=/jboss-6.1.0.Final/bin/native/lib64 -Djava.endorsed.dirs=/jboss-6.1.0.Final/lib/endorsed -classpath /jboss-6.1.0.Final/bin/run.jar:/usr/lib/jvm/java-6-oracle/lib/tools.jar org.jboss.Main --host=0.0.0.0,148143,futex,2023-02-10 13:53:00
1676008381739034198,jboss1,java -server -Xms128m -Xmx512m -XX:MaxPermSize=256m -Dorg.jboss.resolver.warning=true -Dsun.rmi.dgc.client.gcInterval=3600000 -Dsun.rmi.dgc.server.gcInterval=3600000 -Djava.net.preferIPv4Stack=true -Dprogram.name=run.sh -Dlogging.configuration=file:/jboss-6.1.0.Final/bin/logging.properties -Djava.library.path=/jboss-6.1.0.Final/bin/native/lib64 -Djava.endorsed.dirs=/jboss-6.1.0.Final/lib/endorsed -classpath /jboss-6.1.0.Final/bin/run.jar:/usr/lib/jvm/java-6-oracle/lib/tools.jar org.jboss.Main --host=0.0.0.0,148143,futex,2023-02-10 13:53:01
1676008382753326537,jboss1,java -server -Xms128m -Xmx512m -XX:MaxPermSize=256m -Dorg.jboss.resolver.warning=true -Dsun.rmi.dgc.client.gcInterval=3600000 -Dsun.rmi.dgc.server.gcInterval=3600000 -Djava.net.preferIPv4Stack=true -Dprogram.name=run.sh -Dlogging.configuration=file:/jboss-6.1.0.Final/bin/logging.properties -Djava.library.path=/jboss-6.1.0.Final/bin/native/lib64 -Djava.endorsed.dirs=/jboss-6.1.0.Final/lib/endorsed -classpath /jboss-6.1.0.Final/bin/run.jar:/usr/lib/jvm/java-6-oracle/lib/tools.jar org.jboss.Main --host=0.0.0.0,148143,futex,2023-02-10 13:53:02
1676008383768907537,jboss1,java -server -Xms128m -Xmx512m -XX:MaxPermSize=256m -Dorg.jboss.resolver.warning=true -Dsun.rmi.dgc.client.gcInterval=3600000 -Dsun.rmi.dgc.server.gcInterval=3600000 -Djava.net.preferIPv4Stack=true -Dprogram.name=run.sh -Dlogging.configuration=file:/jboss-6.1.0.Final/bin/logging.properties -Djava.library.path=/jboss-6.1.0.Final/bin/native/lib64 -Djava.endorsed.dirs=/jboss-6.1.0.Final/lib/endorsed -classpath /jboss-6.1.0.Final/bin/run.jar:/usr/lib/jvm/java-6-oracle/lib/tools.jar org.jboss.Main --host=0.0.0.0,148143,futex,2023-02-10 13:53:03
1676008384746589511,jboss1,java -server -Xms128m -Xmx512m -XX:MaxPermSize=256m -Dorg.jboss.resolver.warning=true -Dsun.rmi.dgc.client.gcInterval=3600000 -Dsun.rmi.dgc.server.gcInterval=3600000 -Djava.net.preferIPv4Stack=true -Dprogram.name=run.sh -Dlogging.configuration=file:/jboss-6.1.0.Final/bin/logging.properties -Djava.library.path=/jboss-6.1.0.Final/bin/native/lib64 -Djava.endorsed.dirs=/jboss-6.1.0.Final/lib/endorsed -classpath /jboss-6.1.0.Final/bin/run.jar:/usr/lib/jvm/java-6-oracle/lib/tools.jar org.jboss.Main --host=0.0.0.0,148143,futex,2023-02-10 13:53:04
1676008385766098939,jboss1,java -server -Xms128m -Xmx512m -XX:MaxPermSize=256m -Dorg.jboss.resolver.warning=true -Dsun.rmi.dgc.client.gcInterval=3600000 -Dsun.rmi.dgc.server.gcInterval=3600000 -Djava.net.preferIPv4Stack=true -Dprogram.name=run.sh -Dlogging.configuration=file:/jboss-6.1.0.Final/bin/logging.properties -Djava.library.path=/jboss-6.1.0.Final/bin/native/lib64 -Djava.endorsed.dirs=/jboss-6.1.0.Final/lib/endorsed -classpath /jboss-6.1.0.Final/bin/run.jar:/usr/lib/jvm/java-6-oracle/lib/tools.jar org.jboss.Main --host=0.0.0.0,148143,futex,2023-02-10 13:53:05
1676008386753387322,jboss1,java -server -Xms128m -Xmx512m -XX:MaxPermSize=256m -Dorg.jboss.resolver.warning=true -Dsun.rmi.dgc.client.gcInterval=3600000 -Dsun.rmi.dgc.server.gcInterval=3600000 -Djava.net.preferIPv4Stack=true -Dprogram.name=run.sh -Dlogging.configuration=file:/jboss-6.1.0.Final/bin/logging.properties -Djava.library.path=/jboss-6.1.0.Final/bin/native/lib64 -Djava.endorsed.dirs=/jboss-6.1.0.Final/lib/endorsed -classpath /jboss-6.1.0.Final/bin/run.jar:/usr/lib/jvm/java-6-oracle/lib/tools.jar org.jboss.Main --host=0.0.0.0,148143,openat,2023-02-10 13:53:06
1676008387775441343,jboss1,java -server -Xms128m -Xmx512m -XX:MaxPermSize=256m -Dorg.jboss.resolver.warning=true -Dsun.rmi.dgc.client.gcInterval=3600000 -Dsun.rmi.dgc.server.gcInterval=3600000 -Djava.net.preferIPv4Stack=true -Dprogram.name=run.sh -Dlogging.configuration=file:/jboss-6.1.0.Final/bin/logging.properties -Djava.library.path=/jboss-6.1.0.Final/bin/native/lib64 -Djava.endorsed.dirs=/jboss-6.1.0.Final/lib/endorsed -classpath /jboss-6.1.0.Final/bin/run.jar:/usr/lib/jvm/java-6-oracle/lib/tools.jar org.jboss.Main --host=0.0.0.0,148143,futex,2023-02-10 13:53:07
1676008388748227783,jboss1,java -server -Xms128m -Xmx512m -XX:MaxPermSize=256m -Dorg.jboss.resolver.warning=true -Dsun.rmi.dgc.client.gcInterval=3600000 -Dsun.rmi.dgc.server.gcInterval=3600000 -Djava.net.preferIPv4Stack=true -Dprogram.name=run.sh -Dlogging.configuration=file:/jboss-6.1.0.Final/bin/logging.properties -Djava.library.path=/jboss-6.1.0.Final/bin/native/lib64 -Djava.endorsed.dirs=/jboss-6.1.0.Final/lib/endorsed -classpath /jboss-6.1.0.Final/bin/run.jar:/usr/lib/jvm/java-6-oracle/lib/tools.jar org.jboss.Main --host=0.0.0.0,148143,futex,2023-02-10 13:53:08
1676008389742983838,jboss1,java -server -Xms128m -Xmx512m -XX:MaxPermSize=256m -Dorg.jboss.resolver.warning=true -Dsun.rmi.dgc.client.gcInterval=3600000 -Dsun.rmi.dgc.server.gcInterval=3600000 -Djava.net.preferIPv4Stack=true -Dprogram.name=run.sh -Dlogging.configuration=file:/jboss-6.1.0.Final/bin/logging.properties -Djava.library.path=/jboss-6.1.0.Final/bin/native/lib64 -Djava.endorsed.dirs=/jboss-6.1.0.Final/lib/endorsed -classpath /jboss-6.1.0.Final/bin/run.jar:/usr/lib/jvm/java-6-oracle/lib/tools.jar org.jboss.Main --host=0.0.0.0,148143,futex,2023-02-10 13:53:09
1676008390724862831,jboss1,java -server -Xms128m -Xmx512m -XX:MaxPermSize=256m -Dorg.jboss.resolver.warning=true -Dsun.rmi.dgc.client.gcInterval=3600000 -Dsun.rmi.dgc.server.gcInterval=3600000 -Djava.net.preferIPv4Stack=true -Dprogram.name=run.sh -Dlogging.configuration=file:/jboss-6.1.0.Final/bin/logging.properties -Djava.library.path=/jboss-6.1.0.Final/bin/native/lib64 -Djava.endorsed.dirs=/jboss-6.1.0.Final/lib/endorsed -classpath /jboss-6.1.0.Final/bin/run.jar:/usr/lib/jvm/java-6-oracle/lib/tools.jar org.jboss.Main --host=0.0.0.0,148143,futex,2023-02-10 13:53:10
1676008391741815916,jboss1,java -server -Xms128m -Xmx512m -XX:MaxPermSize=256m -Dorg.jboss.resolver.warning=true -Dsun.rmi.dgc.client.gcInterval=3600000 -Dsun.rmi.dgc.server.gcInterval=3600000 -Djava.net.preferIPv4Stack=true -Dprogram.name=run.sh -Dlogging.configuration=file:/jboss-6.1.0.Final/bin/logging.properties -Djava.library.path=/jboss-6.1.0.Final/bin/native/lib64 -Djava.endorsed.dirs=/jboss-6.1.0.Final/lib/endorsed -classpath /jboss-6.1.0.Final/bin/run.jar:/usr/lib/jvm/java-6-oracle/lib/tools.jar org.jboss.Main --host=0.0.0.0,148143,futex,2023-02-10 13:53:11
1676008392748945684,jboss1,java -server -Xms128m -Xmx512m -XX:MaxPermSize=256m -Dorg.jboss.resolver.warning=true -Dsun.rmi.dgc.client.gcInterval=3600000 -Dsun.rmi.dgc.server.gcInterval=3600000 -Djava.net.preferIPv4Stack=true -Dprogram.name=run.sh -Dlogging.configuration=file:/jboss-6.1.0.Final/bin/logging.properties -Djava.library.path=/jboss-6.1.0.Final/bin/native/lib64 -Djava.endorsed.dirs=/jboss-6.1.0.Final/lib/endorsed -classpath /jboss-6.1.0.Final/bin/run.jar:/usr/lib/jvm/java-6-oracle/lib/tools.jar org.jboss.Main --host=0.0.0.0,148143,futex,2023-02-10 13:53:12
1676008393747392045,jboss1,java -server -Xms128m -Xmx512m -XX:MaxPermSize=256m -Dorg.jboss.resolver.warning=true -Dsun.rmi.dgc.client.gcInterval=3600000 -Dsun.rmi.dgc.server.gcInterval=3600000 -Djava.net.preferIPv4Stack=true -Dprogram.name=run.sh -Dlogging.configuration=file:/jboss-6.1.0.Final/bin/logging.properties -Djava.library.path=/jboss-6.1.0.Final/bin/native/lib64 -Djava.endorsed.dirs=/jboss-6.1.0.Final/lib/endorsed -classpath /jboss-6.1.0.Final/bin/run.jar:/usr/lib/jvm/java-6-oracle/lib/tools.jar org.jboss.Main --host=0.0.0.0,148143,futex,2023-02-10 13:53:13
1676008394773218072,jboss1,java -server -Xms128m -Xmx512m -XX:MaxPermSize=256m -Dorg.jboss.resolver.warning=true -Dsun.rmi.dgc.client.gcInterval=3600000 -Dsun.rmi.dgc.server.gcInterval=3600000 -Djava.net.preferIPv4Stack=true -Dprogram.name=run.sh -Dlogging.configuration=file:/jboss-6.1.0.Final/bin/logging.properties -Djava.library.path=/jboss-6.1.0.Final/bin/native/lib64 -Djava.endorsed.dirs=/jboss-6.1.0.Final/lib/endorsed -classpath /jboss-6.1.0.Final/bin/run.jar:/usr/lib/jvm/java-6-oracle/lib/tools.jar org.jboss.Main --host=0.0.0.0,148143,futex,2023-02-10 13:53:14
1676008395759590912,jboss1,java -server -Xms128m -Xmx512m -XX:MaxPermSize=256m -Dorg.jboss.resolver.warning=true -Dsun.rmi.dgc.client.gcInterval=3600000 -Dsun.rmi.dgc.server.gcInterval=3600000 -Djava.net.preferIPv4Stack=true -Dprogram.name=run.sh -Dlogging.configuration=file:/jboss-6.1.0.Final/bin/logging.properties -Djava.library.path=/jboss-6.1.0.Final/bin/native/lib64 -Djava.endorsed.dirs=/jboss-6.1.0.Final/lib/endorsed -classpath /jboss-6.1.0.Final/bin/run.jar:/usr/lib/jvm/java-6-oracle/lib/tools.jar org.jboss.Main --host=0.0.0.0,148143,futex,2023-02-10 13:53:15
1676008396731992106,jboss1,java -server -Xms128m -Xmx512m -XX:MaxPermSize=256m -Dorg.jboss.resolver.warning=true -Dsun.rmi.dgc.client.gcInterval=3600000 -Dsun.rmi.dgc.server.gcInterval=3600000 -Djava.net.preferIPv4Stack=true -Dprogram.name=run.sh -Dlogging.configuration=file:/jboss-6.1.0.Final/bin/logging.properties -Djava.library.path=/jboss-6.1.0.Final/bin/native/lib64 -Djava.endorsed.dirs=/jboss-6.1.0.Final/lib/endorsed -classpath /jboss-6.1.0.Final/bin/run.jar:/usr/lib/jvm/java-6-oracle/lib/tools.jar org.jboss.Main --host=0.0.0.0,148143,futex,2023-02-10 13:53:16
1676008397769134143,jboss1,java -server -Xms128m -Xmx512m -XX:MaxPermSize=256m -Dorg.jboss.resolver.warning=true -Dsun.rmi.dgc.client.gcInterval=3600000 -Dsun.rmi.dgc.server.gcInterval=3600000 -Djava.net.preferIPv4Stack=true -Dprogram.name=run.sh -Dlogging.configuration=file:/jboss-6.1.0.Final/bin/logging.properties -Djava.library.path=/jboss-6.1.0.Final/bin/native/lib64 -Djava.endorsed.dirs=/jboss-6.1.0.Final/lib/endorsed -classpath /jboss-6.1.0.Final/bin/run.jar:/usr/lib/jvm/java-6-oracle/lib/tools.jar org.jboss.Main --host=0.0.0.0,148143,futex,2023-02-10 13:53:17
1676008398758910479,jboss1,java -server -Xms128m -Xmx512m -XX:MaxPermSize=256m -Dorg.jboss.resolver.warning=true -Dsun.rmi.dgc.client.gcInterval=3600000 -Dsun.rmi.dgc.server.gcInterval=3600000 -Djava.net.preferIPv4Stack=true -Dprogram.name=run.sh -Dlogging.configuration=file:/jboss-6.1.0.Final/bin/logging.properties -Djava.library.path=/jboss-6.1.0.Final/bin/native/lib64 -Djava.endorsed.dirs=/jboss-6.1.0.Final/lib/endorsed -classpath /jboss-6.1.0.Final/bin/run.jar:/usr/lib/jvm/java-6-oracle/lib/tools.jar org.jboss.Main --host=0.0.0.0,148143,futex,2023-02-10 13:53:18
1676008399747827592,jboss1,java -server -Xms128m -Xmx512m -XX:MaxPermSize=256m -Dorg.jboss.resolver.warning=true -Dsun.rmi.dgc.client.gcInterval=3600000 -Dsun.rmi.dgc.server.gcInterval=3600000 -Djava.net.preferIPv4Stack=true -Dprogram.name=run.sh -Dlogging.configuration=file:/jboss-6.1.0.Final/bin/logging.properties -Djava.library.path=/jboss-6.1.0.Final/bin/native/lib64 -Djava.endorsed.dirs=/jboss-6.1.0.Final/lib/endorsed -classpath /jboss-6.1.0.Final/bin/run.jar:/usr/lib/jvm/java-6-oracle/lib/tools.jar org.jboss.Main --host=0.0.0.0,148143,futex,2023-02-10 13:53:19
1676008400747132860,jboss1,java -server -Xms128m -Xmx512m -XX:MaxPermSize=256m -Dorg.jboss.resolver.warning=true -Dsun.rmi.dgc.client.gcInterval=3600000 -Dsun.rmi.dgc.server.gcInterval=3600000 -Djava.net.preferIPv4Stack=true -Dprogram.name=run.sh -Dlogging.configuration=file:/jboss-6.1.0.Final/bin/logging.properties -Djava.library.path=/jboss-6.1.0.Final/bin/native/lib64 -Djava.endorsed.dirs=/jboss-6.1.0.Final/lib/endorsed -classpath /jboss-6.1.0.Final/bin/run.jar:/usr/lib/jvm/java-6-oracle/lib/tools.jar org.jboss.Main --host=0.0.0.0,148143,futex,2023-02-10 13:53:20
1676008401727878058,jboss1,java -server -Xms128m -Xmx512m -XX:MaxPermSize=256m -Dorg.jboss.resolver.warning=true -Dsun.rmi.dgc.client.gcInterval=3600000 -Dsun.rmi.dgc.server.gcInterval=3600000 -Djava.net.preferIPv4Stack=true -Dprogram.name=run.sh -Dlogging.configuration=file:/jboss-6.1.0.Final/bin/logging.properties -Djava.library.path=/jboss-6.1.0.Final/bin/native/lib64 -Djava.endorsed.dirs=/jboss-6.1.0.Final/lib/endorsed -classpath /jboss-6.1.0.Final/bin/run.jar:/usr/lib/jvm/java-6-oracle/lib/tools.jar org.jboss.Main --host=0.0.0.0,148143,futex,2023-02-10 13:53:21
1676008402753433870,jboss1,java -server -Xms128m -Xmx512m -XX:MaxPermSize=256m -Dorg.jboss.resolver.warning=true -Dsun.rmi.dgc.client.gcInterval=3600000 -Dsun.rmi.dgc.server.gcInterval=3600000 -Djava.net.preferIPv4Stack=true -Dprogram.name=run.sh -Dlogging.configuration=file:/jboss-6.1.0.Final/bin/logging.properties -Djava.library.path=/jboss-6.1.0.Final/bin/native/lib64 -Djava.endorsed.dirs=/jboss-6.1.0.Final/lib/endorsed -classpath /jboss-6.1.0.Final/bin/run.jar:/usr/lib/jvm/java-6-oracle/lib/tools.jar org.jboss.Main --host=0.0.0.0,148143,futex,2023-02-10 13:53:22
1676008403738670010,jboss1,java -server -Xms128m -Xmx512m -XX:MaxPermSize=256m -Dorg.jboss.resolver.warning=true -Dsun.rmi.dgc.client.gcInterval=3600000 -Dsun.rmi.dgc.server.gcInterval=3600000 -Djava.net.preferIPv4Stack=true -Dprogram.name=run.sh -Dlogging.configuration=file:/jboss-6.1.0.Final/bin/logging.properties -Djava.library.path=/jboss-6.1.0.Final/bin/native/lib64 -Djava.endorsed.dirs=/jboss-6.1.0.Final/lib/endorsed -classpath /jboss-6.1.0.Final/bin/run.jar:/usr/lib/jvm/java-6-oracle/lib/tools.jar org.jboss.Main --host=0.0.0.0,148143,futex,2023-02-10 13:53:23
1676008404743029806,jboss1,java -server -Xms128m -Xmx512m -XX:MaxPermSize=256m -Dorg.jboss.resolver.warning=true -Dsun.rmi.dgc.client.gcInterval=3600000 -Dsun.rmi.dgc.server.gcInterval=3600000 -Djava.net.preferIPv4Stack=true -Dprogram.name=run.sh -Dlogging.configuration=file:/jboss-6.1.0.Final/bin/logging.properties -Djava.library.path=/jboss-6.1.0.Final/bin/native/lib64 -Djava.endorsed.dirs=/jboss-6.1.0.Final/lib/endorsed -classpath /jboss-6.1.0.Final/bin/run.jar:/usr/lib/jvm/java-6-oracle/lib/tools.jar org.jboss.Main --host=0.0.0.0,148143,futex,2023-02-10 13:53:24
1676008405734225269,jboss1,java -server -Xms128m -Xmx512m -XX:MaxPermSize=256m -Dorg.jboss.resolver.warning=true -Dsun.rmi.dgc.client.gcInterval=3600000 -Dsun.rmi.dgc.server.gcInterval=3600000 -Djava.net.preferIPv4Stack=true -Dprogram.name=run.sh -Dlogging.configuration=file:/jboss-6.1.0.Final/bin/logging.properties -Djava.library.path=/jboss-6.1.0.Final/bin/native/lib64 -Djava.endorsed.dirs=/jboss-6.1.0.Final/lib/endorsed -classpath /jboss-6.1.0.Final/bin/run.jar:/usr/lib/jvm/java-6-oracle/lib/tools.jar org.jboss.Main --host=0.0.0.0,148143,futex,2023-02-10 13:53:25
1676008406778931111,jboss1,java -server -Xms128m -Xmx512m -XX:MaxPermSize=256m -Dorg.jboss.resolver.warning=true -Dsun.rmi.dgc.client.gcInterval=3600000 -Dsun.rmi.dgc.server.gcInterval=3600000 -Djava.net.preferIPv4Stack=true -Dprogram.name=run.sh -Dlogging.configuration=file:/jboss-6.1.0.Final/bin/logging.properties -Djava.library.path=/jboss-6.1.0.Final/bin/native/lib64 -Djava.endorsed.dirs=/jboss-6.1.0.Final/lib/endorsed -classpath /jboss-6.1.0.Final/bin/run.jar:/usr/lib/jvm/java-6-oracle/lib/tools.jar org.jboss.Main --host=0.0.0.0,148143,futex,2023-02-10 13:53:26
1676008407748152531,jboss1,java -server -Xms128m -Xmx512m -XX:MaxPermSize=256m -Dorg.jboss.resolver.warning=true -Dsun.rmi.dgc.client.gcInterval=3600000 -Dsun.rmi.dgc.server.gcInterval=3600000 -Djava.net.preferIPv4Stack=true -Dprogram.name=run.sh -Dlogging.configuration=file:/jboss-6.1.0.Final/bin/logging.properties -Djava.library.path=/jboss-6.1.0.Final/bin/native/lib64 -Djava.endorsed.dirs=/jboss-6.1.0.Final/lib/endorsed -classpath /jboss-6.1.0.Final/bin/run.jar:/usr/lib/jvm/java-6-oracle/lib/tools.jar org.jboss.Main --host=0.0.0.0,148143,futex,2023-02-10 13:53:27
1676008408740276837,jboss1,java -server -Xms128m -Xmx512m -XX:MaxPermSize=256m -Dorg.jboss.resolver.warning=true -Dsun.rmi.dgc.client.gcInterval=3600000 -Dsun.rmi.dgc.server.gcInterval=3600000 -Djava.net.preferIPv4Stack=true -Dprogram.name=run.sh -Dlogging.configuration=file:/jboss-6.1.0.Final/bin/logging.properties -Djava.library.path=/jboss-6.1.0.Final/bin/native/lib64 -Djava.endorsed.dirs=/jboss-6.1.0.Final/lib/endorsed -classpath /jboss-6.1.0.Final/bin/run.jar:/usr/lib/jvm/java-6-oracle/lib/tools.jar org.jboss.Main --host=0.0.0.0,148143,futex,2023-02-10 13:53:28
1676008409748036678,jboss1,java -server -Xms128m -Xmx512m -XX:MaxPermSize=256m -Dorg.jboss.resolver.warning=true -Dsun.rmi.dgc.client.gcInterval=3600000 -Dsun.rmi.dgc.server.gcInterval=3600000 -Djava.net.preferIPv4Stack=true -Dprogram.name=run.sh -Dlogging.configuration=file:/jboss-6.1.0.Final/bin/logging.properties -Djava.library.path=/jboss-6.1.0.Final/bin/native/lib64 -Djava.endorsed.dirs=/jboss-6.1.0.Final/lib/endorsed -classpath /jboss-6.1.0.Final/bin/run.jar:/usr/lib/jvm/java-6-oracle/lib/tools.jar org.jboss.Main --host=0.0.0.0,148143,futex,2023-02-10 13:53:29
1676008410738342853,jboss1,java -server -Xms128m -Xmx512m -XX:MaxPermSize=256m -Dorg.jboss.resolver.warning=true -Dsun.rmi.dgc.client.gcInterval=3600000 -Dsun.rmi.dgc.server.gcInterval=3600000 -Djava.net.preferIPv4Stack=true -Dprogram.name=run.sh -Dlogging.configuration=file:/jboss-6.1.0.Final/bin/logging.properties -Djava.library.path=/jboss-6.1.0.Final/bin/native/lib64 -Djava.endorsed.dirs=/jboss-6.1.0.Final/lib/endorsed -classpath /jboss-6.1.0.Final/bin/run.jar:/usr/lib/jvm/java-6-oracle/lib/tools.jar org.jboss.Main --host=0.0.0.0,148143,futex,2023-02-10 13:53:30
1676008411765572313,jboss1,java -server -Xms128m -Xmx512m -XX:MaxPermSize=256m -Dorg.jboss.resolver.warning=true -Dsun.rmi.dgc.client.gcInterval=3600000 -Dsun.rmi.dgc.server.gcInterval=3600000 -Djava.net.preferIPv4Stack=true -Dprogram.name=run.sh -Dlogging.configuration=file:/jboss-6.1.0.Final/bin/logging.properties -Djava.library.path=/jboss-6.1.0.Final/bin/native/lib64 -Djava.endorsed.dirs=/jboss-6.1.0.Final/lib/endorsed -classpath /jboss-6.1.0.Final/bin/run.jar:/usr/lib/jvm/java-6-oracle/lib/tools.jar org.jboss.Main --host=0.0.0.0,148143,futex,2023-02-10 13:53:31
1676008412745946380,jboss1,java -server -Xms128m -Xmx512m -XX:MaxPermSize=256m -Dorg.jboss.resolver.warning=true -Dsun.rmi.dgc.client.gcInterval=3600000 -Dsun.rmi.dgc.server.gcInterval=3600000 -Djava.net.preferIPv4Stack=true -Dprogram.name=run.sh -Dlogging.configuration=file:/jboss-6.1.0.Final/bin/logging.properties -Djava.library.path=/jboss-6.1.0.Final/bin/native/lib64 -Djava.endorsed.dirs=/jboss-6.1.0.Final/lib/endorsed -classpath /jboss-6.1.0.Final/bin/run.jar:/usr/lib/jvm/java-6-oracle/lib/tools.jar org.jboss.Main --host=0.0.0.0,148143,futex,2023-02-10 13:53:32
1676008413746711050,jboss1,java -server -Xms128m -Xmx512m -XX:MaxPermSize=256m -Dorg.jboss.resolver.warning=true -Dsun.rmi.dgc.client.gcInterval=3600000 -Dsun.rmi.dgc.server.gcInterval=3600000 -Djava.net.preferIPv4Stack=true -Dprogram.name=run.sh -Dlogging.configuration=file:/jboss-6.1.0.Final/bin/logging.properties -Djava.library.path=/jboss-6.1.0.Final/bin/native/lib64 -Djava.endorsed.dirs=/jboss-6.1.0.Final/lib/endorsed -classpath /jboss-6.1.0.Final/bin/run.jar:/usr/lib/jvm/java-6-oracle/lib/tools.jar org.jboss.Main --host=0.0.0.0,148143,futex,2023-02-10 13:53:33
1676008414733286494,jboss1,java -server -Xms128m -Xmx512m -XX:MaxPermSize=256m -Dorg.jboss.resolver.warning=true -Dsun.rmi.dgc.client.gcInterval=3600000 -Dsun.rmi.dgc.server.gcInterval=3600000 -Djava.net.preferIPv4Stack=true -Dprogram.name=run.sh -Dlogging.configuration=file:/jboss-6.1.0.Final/bin/logging.properties -Djava.library.path=/jboss-6.1.0.Final/bin/native/lib64 -Djava.endorsed.dirs=/jboss-6.1.0.Final/lib/endorsed -classpath /jboss-6.1.0.Final/bin/run.jar:/usr/lib/jvm/java-6-oracle/lib/tools.jar org.jboss.Main --host=0.0.0.0,148143,futex,2023-02-10 13:53:34
1676008415749794611,jboss1,java -server -Xms128m -Xmx512m -XX:MaxPermSize=256m -Dorg.jboss.resolver.warning=true -Dsun.rmi.dgc.client.gcInterval=3600000 -Dsun.rmi.dgc.server.gcInterval=3600000 -Djava.net.preferIPv4Stack=true -Dprogram.name=run.sh -Dlogging.configuration=file:/jboss-6.1.0.Final/bin/logging.properties -Djava.library.path=/jboss-6.1.0.Final/bin/native/lib64 -Djava.endorsed.dirs=/jboss-6.1.0.Final/lib/endorsed -classpath /jboss-6.1.0.Final/bin/run.jar:/usr/lib/jvm/java-6-oracle/lib/tools.jar org.jboss.Main --host=0.0.0.0,148143,futex,2023-02-10 13:53:35
1676008416731770374,jboss1,java -server -Xms128m -Xmx512m -XX:MaxPermSize=256m -Dorg.jboss.resolver.warning=true -Dsun.rmi.dgc.client.gcInterval=3600000 -Dsun.rmi.dgc.server.gcInterval=3600000 -Djava.net.preferIPv4Stack=true -Dprogram.name=run.sh -Dlogging.configuration=file:/jboss-6.1.0.Final/bin/logging.properties -Djava.library.path=/jboss-6.1.0.Final/bin/native/lib64 -Djava.endorsed.dirs=/jboss-6.1.0.Final/lib/endorsed -classpath /jboss-6.1.0.Final/bin/run.jar:/usr/lib/jvm/java-6-oracle/lib/tools.jar org.jboss.Main --host=0.0.0.0,148143,futex,2023-02-10 13:53:36
1676008417739053379,jboss1,java -server -Xms128m -Xmx512m -XX:MaxPermSize=256m -Dorg.jboss.resolver.warning=true -Dsun.rmi.dgc.client.gcInterval=3600000 -Dsun.rmi.dgc.server.gcInterval=3600000 -Djava.net.preferIPv4Stack=true -Dprogram.name=run.sh -Dlogging.configuration=file:/jboss-6.1.0.Final/bin/logging.properties -Djava.library.path=/jboss-6.1.0.Final/bin/native/lib64 -Djava.endorsed.dirs=/jboss-6.1.0.Final/lib/endorsed -classpath /jboss-6.1.0.Final/bin/run.jar:/usr/lib/jvm/java-6-oracle/lib/tools.jar org.jboss.Main --host=0.0.0.0,148143,futex,2023-02-10 13:53:37
1676008418743992205,jboss1,java -server -Xms128m -Xmx512m -XX:MaxPermSize=256m -Dorg.jboss.resolver.warning=true -Dsun.rmi.dgc.client.gcInterval=3600000 -Dsun.rmi.dgc.server.gcInterval=3600000 -Djava.net.preferIPv4Stack=true -Dprogram.name=run.sh -Dlogging.configuration=file:/jboss-6.1.0.Final/bin/logging.properties -Djava.library.path=/jboss-6.1.0.Final/bin/native/lib64 -Djava.endorsed.dirs=/jboss-6.1.0.Final/lib/endorsed -classpath /jboss-6.1.0.Final/bin/run.jar:/usr/lib/jvm/java-6-oracle/lib/tools.jar org.jboss.Main --host=0.0.0.0,148143,futex,2023-02-10 13:53:38
1676008419755613987,jboss1,java -server -Xms128m -Xmx512m -XX:MaxPermSize=256m -Dorg.jboss.resolver.warning=true -Dsun.rmi.dgc.client.gcInterval=3600000 -Dsun.rmi.dgc.server.gcInterval=3600000 -Djava.net.preferIPv4Stack=true -Dprogram.name=run.sh -Dlogging.configuration=file:/jboss-6.1.0.Final/bin/logging.properties -Djava.library.path=/jboss-6.1.0.Final/bin/native/lib64 -Djava.endorsed.dirs=/jboss-6.1.0.Final/lib/endorsed -classpath /jboss-6.1.0.Final/bin/run.jar:/usr/lib/jvm/java-6-oracle/lib/tools.jar org.jboss.Main --host=0.0.0.0,148143,futex,2023-02-10 13:53:39
1676008420748503465,jboss1,java -server -Xms128m -Xmx512m -XX:MaxPermSize=256m -Dorg.jboss.resolver.warning=true -Dsun.rmi.dgc.client.gcInterval=3600000 -Dsun.rmi.dgc.server.gcInterval=3600000 -Djava.net.preferIPv4Stack=true -Dprogram.name=run.sh -Dlogging.configuration=file:/jboss-6.1.0.Final/bin/logging.properties -Djava.library.path=/jboss-6.1.0.Final/bin/native/lib64 -Djava.endorsed.dirs=/jboss-6.1.0.Final/lib/endorsed -classpath /jboss-6.1.0.Final/bin/run.jar:/usr/lib/jvm/java-6-oracle/lib/tools.jar org.jboss.Main --host=0.0.0.0,148143,futex,2023-02-10 13:53:40
1676008421730692008,jboss1,java -server -Xms128m -Xmx512m -XX:MaxPermSize=256m -Dorg.jboss.resolver.warning=true -Dsun.rmi.dgc.client.gcInterval=3600000 -Dsun.rmi.dgc.server.gcInterval=3600000 -Djava.net.preferIPv4Stack=true -Dprogram.name=run.sh -Dlogging.configuration=file:/jboss-6.1.0.Final/bin/logging.properties -Djava.library.path=/jboss-6.1.0.Final/bin/native/lib64 -Djava.endorsed.dirs=/jboss-6.1.0.Final/lib/endorsed -classpath /jboss-6.1.0.Final/bin/run.jar:/usr/lib/jvm/java-6-oracle/lib/tools.jar org.jboss.Main --host=0.0.0.0,148143,futex,2023-02-10 13:53:41
1676008422750670628,jboss1,java -server -Xms128m -Xmx512m -XX:MaxPermSize=256m -Dorg.jboss.resolver.warning=true -Dsun.rmi.dgc.client.gcInterval=3600000 -Dsun.rmi.dgc.server.gcInterval=3600000 -Djava.net.preferIPv4Stack=true -Dprogram.name=run.sh -Dlogging.configuration=file:/jboss-6.1.0.Final/bin/logging.properties -Djava.library.path=/jboss-6.1.0.Final/bin/native/lib64 -Djava.endorsed.dirs=/jboss-6.1.0.Final/lib/endorsed -classpath /jboss-6.1.0.Final/bin/run.jar:/usr/lib/jvm/java-6-oracle/lib/tools.jar org.jboss.Main --host=0.0.0.0,148143,futex,2023-02-10 13:53:42
1676008423747817301,jboss1,java -server -Xms128m -Xmx512m -XX:MaxPermSize=256m -Dorg.jboss.resolver.warning=true -Dsun.rmi.dgc.client.gcInterval=3600000 -Dsun.rmi.dgc.server.gcInterval=3600000 -Djava.net.preferIPv4Stack=true -Dprogram.name=run.sh -Dlogging.configuration=file:/jboss-6.1.0.Final/bin/logging.properties -Djava.library.path=/jboss-6.1.0.Final/bin/native/lib64 -Djava.endorsed.dirs=/jboss-6.1.0.Final/lib/endorsed -classpath /jboss-6.1.0.Final/bin/run.jar:/usr/lib/jvm/java-6-oracle/lib/tools.jar org.jboss.Main --host=0.0.0.0,148143,futex,2023-02-10 13:53:43
1676008424765227036,jboss1,java -server -Xms128m -Xmx512m -XX:MaxPermSize=256m -Dorg.jboss.resolver.warning=true -Dsun.rmi.dgc.client.gcInterval=3600000 -Dsun.rmi.dgc.server.gcInterval=3600000 -Djava.net.preferIPv4Stack=true -Dprogram.name=run.sh -Dlogging.configuration=file:/jboss-6.1.0.Final/bin/logging.properties -Djava.library.path=/jboss-6.1.0.Final/bin/native/lib64 -Djava.endorsed.dirs=/jboss-6.1.0.Final/lib/endorsed -classpath /jboss-6.1.0.Final/bin/run.jar:/usr/lib/jvm/java-6-oracle/lib/tools.jar org.jboss.Main --host=0.0.0.0,148143,futex,2023-02-10 13:53:44
1676008425740588154,jboss1,java -server -Xms128m -Xmx512m -XX:MaxPermSize=256m -Dorg.jboss.resolver.warning=true -Dsun.rmi.dgc.client.gcInterval=3600000 -Dsun.rmi.dgc.server.gcInterval=3600000 -Djava.net.preferIPv4Stack=true -Dprogram.name=run.sh -Dlogging.configuration=file:/jboss-6.1.0.Final/bin/logging.properties -Djava.library.path=/jboss-6.1.0.Final/bin/native/lib64 -Djava.endorsed.dirs=/jboss-6.1.0.Final/lib/endorsed -classpath /jboss-6.1.0.Final/bin/run.jar:/usr/lib/jvm/java-6-oracle/lib/tools.jar org.jboss.Main --host=0.0.0.0,148143,futex,2023-02-10 13:53:45
1676008426767661791,jboss1,java -server -Xms128m -Xmx512m -XX:MaxPermSize=256m -Dorg.jboss.resolver.warning=true -Dsun.rmi.dgc.client.gcInterval=3600000 -Dsun.rmi.dgc.server.gcInterval=3600000 -Djava.net.preferIPv4Stack=true -Dprogram.name=run.sh -Dlogging.configuration=file:/jboss-6.1.0.Final/bin/logging.properties -Djava.library.path=/jboss-6.1.0.Final/bin/native/lib64 -Djava.endorsed.dirs=/jboss-6.1.0.Final/lib/endorsed -classpath /jboss-6.1.0.Final/bin/run.jar:/usr/lib/jvm/java-6-oracle/lib/tools.jar org.jboss.Main --host=0.0.0.0,148143,futex,2023-02-10 13:53:46
1676008427739648279,jboss1,java -server -Xms128m -Xmx512m -XX:MaxPermSize=256m -Dorg.jboss.resolver.warning=true -Dsun.rmi.dgc.client.gcInterval=3600000 -Dsun.rmi.dgc.server.gcInterval=3600000 -Djava.net.preferIPv4Stack=true -Dprogram.name=run.sh -Dlogging.configuration=file:/jboss-6.1.0.Final/bin/logging.properties -Djava.library.path=/jboss-6.1.0.Final/bin/native/lib64 -Djava.endorsed.dirs=/jboss-6.1.0.Final/lib/endorsed -classpath /jboss-6.1.0.Final/bin/run.jar:/usr/lib/jvm/java-6-oracle/lib/tools.jar org.jboss.Main --host=0.0.0.0,148143,futex,2023-02-10 13:53:47
1676008428761879250,jboss1,java -server -Xms128m -Xmx512m -XX:MaxPermSize=256m -Dorg.jboss.resolver.warning=true -Dsun.rmi.dgc.client.gcInterval=3600000 -Dsun.rmi.dgc.server.gcInterval=3600000 -Djava.net.preferIPv4Stack=true -Dprogram.name=run.sh -Dlogging.configuration=file:/jboss-6.1.0.Final/bin/logging.properties -Djava.library.path=/jboss-6.1.0.Final/bin/native/lib64 -Djava.endorsed.dirs=/jboss-6.1.0.Final/lib/endorsed -classpath /jboss-6.1.0.Final/bin/run.jar:/usr/lib/jvm/java-6-oracle/lib/tools.jar org.jboss.Main --host=0.0.0.0,148143,futex,2023-02-10 13:53:48
1676008429755262276,jboss1,java -server -Xms128m -Xmx512m -XX:MaxPermSize=256m -Dorg.jboss.resolver.warning=true -Dsun.rmi.dgc.client.gcInterval=3600000 -Dsun.rmi.dgc.server.gcInterval=3600000 -Djava.net.preferIPv4Stack=true -Dprogram.name=run.sh -Dlogging.configuration=file:/jboss-6.1.0.Final/bin/logging.properties -Djava.library.path=/jboss-6.1.0.Final/bin/native/lib64 -Djava.endorsed.dirs=/jboss-6.1.0.Final/lib/endorsed -classpath /jboss-6.1.0.Final/bin/run.jar:/usr/lib/jvm/java-6-oracle/lib/tools.jar org.jboss.Main --host=0.0.0.0,148143,futex,2023-02-10 13:53:49
1676008430774018589,jboss1,java -server -Xms128m -Xmx512m -XX:MaxPermSize=256m -Dorg.jboss.resolver.warning=true -Dsun.rmi.dgc.client.gcInterval=3600000 -Dsun.rmi.dgc.server.gcInterval=3600000 -Djava.net.preferIPv4Stack=true -Dprogram.name=run.sh -Dlogging.configuration=file:/jboss-6.1.0.Final/bin/logging.properties -Djava.library.path=/jboss-6.1.0.Final/bin/native/lib64 -Djava.endorsed.dirs=/jboss-6.1.0.Final/lib/endorsed -classpath /jboss-6.1.0.Final/bin/run.jar:/usr/lib/jvm/java-6-oracle/lib/tools.jar org.jboss.Main --host=0.0.0.0,148143,futex,2023-02-10 13:53:50
1676008431746667753,jboss1,java -server -Xms128m -Xmx512m -XX:MaxPermSize=256m -Dorg.jboss.resolver.warning=true -Dsun.rmi.dgc.client.gcInterval=3600000 -Dsun.rmi.dgc.server.gcInterval=3600000 -Djava.net.preferIPv4Stack=true -Dprogram.name=run.sh -Dlogging.configuration=file:/jboss-6.1.0.Final/bin/logging.properties -Djava.library.path=/jboss-6.1.0.Final/bin/native/lib64 -Djava.endorsed.dirs=/jboss-6.1.0.Final/lib/endorsed -classpath /jboss-6.1.0.Final/bin/run.jar:/usr/lib/jvm/java-6-oracle/lib/tools.jar org.jboss.Main --host=0.0.0.0,148143,futex,2023-02-10 13:53:51
1676008432723125057,jboss1,java -server -Xms128m -Xmx512m -XX:MaxPermSize=256m -Dorg.jboss.resolver.warning=true -Dsun.rmi.dgc.client.gcInterval=3600000 -Dsun.rmi.dgc.server.gcInterval=3600000 -Djava.net.preferIPv4Stack=true -Dprogram.name=run.sh -Dlogging.configuration=file:/jboss-6.1.0.Final/bin/logging.properties -Djava.library.path=/jboss-6.1.0.Final/bin/native/lib64 -Djava.endorsed.dirs=/jboss-6.1.0.Final/lib/endorsed -classpath /jboss-6.1.0.Final/bin/run.jar:/usr/lib/jvm/java-6-oracle/lib/tools.jar org.jboss.Main --host=0.0.0.0,148143,futex,2023-02-10 13:53:52
1676008433739528951,jboss1,java -server -Xms128m -Xmx512m -XX:MaxPermSize=256m -Dorg.jboss.resolver.warning=true -Dsun.rmi.dgc.client.gcInterval=3600000 -Dsun.rmi.dgc.server.gcInterval=3600000 -Djava.net.preferIPv4Stack=true -Dprogram.name=run.sh -Dlogging.configuration=file:/jboss-6.1.0.Final/bin/logging.properties -Djava.library.path=/jboss-6.1.0.Final/bin/native/lib64 -Djava.endorsed.dirs=/jboss-6.1.0.Final/lib/endorsed -classpath /jboss-6.1.0.Final/bin/run.jar:/usr/lib/jvm/java-6-oracle/lib/tools.jar org.jboss.Main --host=0.0.0.0,148143,futex,2023-02-10 13:53:53
1676008434732416399,jboss1,java -server -Xms128m -Xmx512m -XX:MaxPermSize=256m -Dorg.jboss.resolver.warning=true -Dsun.rmi.dgc.client.gcInterval=3600000 -Dsun.rmi.dgc.server.gcInterval=3600000 -Djava.net.preferIPv4Stack=true -Dprogram.name=run.sh -Dlogging.configuration=file:/jboss-6.1.0.Final/bin/logging.properties -Djava.library.path=/jboss-6.1.0.Final/bin/native/lib64 -Djava.endorsed.dirs=/jboss-6.1.0.Final/lib/endorsed -classpath /jboss-6.1.0.Final/bin/run.jar:/usr/lib/jvm/java-6-oracle/lib/tools.jar org.jboss.Main --host=0.0.0.0,148143,futex,2023-02-10 13:53:54
1676008435759043621,jboss1,java -server -Xms128m -Xmx512m -XX:MaxPermSize=256m -Dorg.jboss.resolver.warning=true -Dsun.rmi.dgc.client.gcInterval=3600000 -Dsun.rmi.dgc.server.gcInterval=3600000 -Djava.net.preferIPv4Stack=true -Dprogram.name=run.sh -Dlogging.configuration=file:/jboss-6.1.0.Final/bin/logging.properties -Djava.library.path=/jboss-6.1.0.Final/bin/native/lib64 -Djava.endorsed.dirs=/jboss-6.1.0.Final/lib/endorsed -classpath /jboss-6.1.0.Final/bin/run.jar:/usr/lib/jvm/java-6-oracle/lib/tools.jar org.jboss.Main --host=0.0.0.0,148143,futex,2023-02-10 13:53:55
1676008436751222890,jboss1,java -server -Xms128m -Xmx512m -XX:MaxPermSize=256m -Dorg.jboss.resolver.warning=true -Dsun.rmi.dgc.client.gcInterval=3600000 -Dsun.rmi.dgc.server.gcInterval=3600000 -Djava.net.preferIPv4Stack=true -Dprogram.name=run.sh -Dlogging.configuration=file:/jboss-6.1.0.Final/bin/logging.properties -Djava.library.path=/jboss-6.1.0.Final/bin/native/lib64 -Djava.endorsed.dirs=/jboss-6.1.0.Final/lib/endorsed -classpath /jboss-6.1.0.Final/bin/run.jar:/usr/lib/jvm/java-6-oracle/lib/tools.jar org.jboss.Main --host=0.0.0.0,148143,futex,2023-02-10 13:53:56
1676008437757502382,jboss1,java -server -Xms128m -Xmx512m -XX:MaxPermSize=256m -Dorg.jboss.resolver.warning=true -Dsun.rmi.dgc.client.gcInterval=3600000 -Dsun.rmi.dgc.server.gcInterval=3600000 -Djava.net.preferIPv4Stack=true -Dprogram.name=run.sh -Dlogging.configuration=file:/jboss-6.1.0.Final/bin/logging.properties -Djava.library.path=/jboss-6.1.0.Final/bin/native/lib64 -Djava.endorsed.dirs=/jboss-6.1.0.Final/lib/endorsed -classpath /jboss-6.1.0.Final/bin/run.jar:/usr/lib/jvm/java-6-oracle/lib/tools.jar org.jboss.Main --host=0.0.0.0,148143,futex,2023-02-10 13:53:57
1676008438748011622,jboss1,java -server -Xms128m -Xmx512m -XX:MaxPermSize=256m -Dorg.jboss.resolver.warning=true -Dsun.rmi.dgc.client.gcInterval=3600000 -Dsun.rmi.dgc.server.gcInterval=3600000 -Djava.net.preferIPv4Stack=true -Dprogram.name=run.sh -Dlogging.configuration=file:/jboss-6.1.0.Final/bin/logging.properties -Djava.library.path=/jboss-6.1.0.Final/bin/native/lib64 -Djava.endorsed.dirs=/jboss-6.1.0.Final/lib/endorsed -classpath /jboss-6.1.0.Final/bin/run.jar:/usr/lib/jvm/java-6-oracle/lib/tools.jar org.jboss.Main --host=0.0.0.0,148143,futex,2023-02-10 13:53:58
1676008439750373125,jboss1,java -server -Xms128m -Xmx512m -XX:MaxPermSize=256m -Dorg.jboss.resolver.warning=true -Dsun.rmi.dgc.client.gcInterval=3600000 -Dsun.rmi.dgc.server.gcInterval=3600000 -Djava.net.preferIPv4Stack=true -Dprogram.name=run.sh -Dlogging.configuration=file:/jboss-6.1.0.Final/bin/logging.properties -Djava.library.path=/jboss-6.1.0.Final/bin/native/lib64 -Djava.endorsed.dirs=/jboss-6.1.0.Final/lib/endorsed -classpath /jboss-6.1.0.Final/bin/run.jar:/usr/lib/jvm/java-6-oracle/lib/tools.jar org.jboss.Main --host=0.0.0.0,148143,futex,2023-02-10 13:53:59
1676008440751879503,jboss1,java -server -Xms128m -Xmx512m -XX:MaxPermSize=256m -Dorg.jboss.resolver.warning=true -Dsun.rmi.dgc.client.gcInterval=3600000 -Dsun.rmi.dgc.server.gcInterval=3600000 -Djava.net.preferIPv4Stack=true -Dprogram.name=run.sh -Dlogging.configuration=file:/jboss-6.1.0.Final/bin/logging.properties -Djava.library.path=/jboss-6.1.0.Final/bin/native/lib64 -Djava.endorsed.dirs=/jboss-6.1.0.Final/lib/endorsed -classpath /jboss-6.1.0.Final/bin/run.jar:/usr/lib/jvm/java-6-oracle/lib/tools.jar org.jboss.Main --host=0.0.0.0,148143,futex,2023-02-10 13:54:00
1676008441749645809,jboss1,java -server -Xms128m -Xmx512m -XX:MaxPermSize=256m -Dorg.jboss.resolver.warning=true -Dsun.rmi.dgc.client.gcInterval=3600000 -Dsun.rmi.dgc.server.gcInterval=3600000 -Djava.net.preferIPv4Stack=true -Dprogram.name=run.sh -Dlogging.configuration=file:/jboss-6.1.0.Final/bin/logging.properties -Djava.library.path=/jboss-6.1.0.Final/bin/native/lib64 -Djava.endorsed.dirs=/jboss-6.1.0.Final/lib/endorsed -classpath /jboss-6.1.0.Final/bin/run.jar:/usr/lib/jvm/java-6-oracle/lib/tools.jar org.jboss.Main --host=0.0.0.0,148143,futex,2023-02-10 13:54:01
1676008442753051288,jboss1,java -server -Xms128m -Xmx512m -XX:MaxPermSize=256m -Dorg.jboss.resolver.warning=true -Dsun.rmi.dgc.client.gcInterval=3600000 -Dsun.rmi.dgc.server.gcInterval=3600000 -Djava.net.preferIPv4Stack=true -Dprogram.name=run.sh -Dlogging.configuration=file:/jboss-6.1.0.Final/bin/logging.properties -Djava.library.path=/jboss-6.1.0.Final/bin/native/lib64 -Djava.endorsed.dirs=/jboss-6.1.0.Final/lib/endorsed -classpath /jboss-6.1.0.Final/bin/run.jar:/usr/lib/jvm/java-6-oracle/lib/tools.jar org.jboss.Main --host=0.0.0.0,148143,futex,2023-02-10 13:54:02
1676008443742628699,jboss1,java -server -Xms128m -Xmx512m -XX:MaxPermSize=256m -Dorg.jboss.resolver.warning=true -Dsun.rmi.dgc.client.gcInterval=3600000 -Dsun.rmi.dgc.server.gcInterval=3600000 -Djava.net.preferIPv4Stack=true -Dprogram.name=run.sh -Dlogging.configuration=file:/jboss-6.1.0.Final/bin/logging.properties -Djava.library.path=/jboss-6.1.0.Final/bin/native/lib64 -Djava.endorsed.dirs=/jboss-6.1.0.Final/lib/endorsed -classpath /jboss-6.1.0.Final/bin/run.jar:/usr/lib/jvm/java-6-oracle/lib/tools.jar org.jboss.Main --host=0.0.0.0,148143,futex,2023-02-10 13:54:03
1676008444756753101,jboss1,java -server -Xms128m -Xmx512m -XX:MaxPermSize=256m -Dorg.jboss.resolver.warning=true -Dsun.rmi.dgc.client.gcInterval=3600000 -Dsun.rmi.dgc.server.gcInterval=3600000 -Djava.net.preferIPv4Stack=true -Dprogram.name=run.sh -Dlogging.configuration=file:/jboss-6.1.0.Final/bin/logging.properties -Djava.library.path=/jboss-6.1.0.Final/bin/native/lib64 -Djava.endorsed.dirs=/jboss-6.1.0.Final/lib/endorsed -classpath /jboss-6.1.0.Final/bin/run.jar:/usr/lib/jvm/java-6-oracle/lib/tools.jar org.jboss.Main --host=0.0.0.0,148143,futex,2023-02-10 13:54:04
1676008445740907464,jboss1,java -server -Xms128m -Xmx512m -XX:MaxPermSize=256m -Dorg.jboss.resolver.warning=true -Dsun.rmi.dgc.client.gcInterval=3600000 -Dsun.rmi.dgc.server.gcInterval=3600000 -Djava.net.preferIPv4Stack=true -Dprogram.name=run.sh -Dlogging.configuration=file:/jboss-6.1.0.Final/bin/logging.properties -Djava.library.path=/jboss-6.1.0.Final/bin/native/lib64 -Djava.endorsed.dirs=/jboss-6.1.0.Final/lib/endorsed -classpath /jboss-6.1.0.Final/bin/run.jar:/usr/lib/jvm/java-6-oracle/lib/tools.jar org.jboss.Main --host=0.0.0.0,148143,futex,2023-02-10 13:54:05
1676008446761483646,jboss1,java -server -Xms128m -Xmx512m -XX:MaxPermSize=256m -Dorg.jboss.resolver.warning=true -Dsun.rmi.dgc.client.gcInterval=3600000 -Dsun.rmi.dgc.server.gcInterval=3600000 -Djava.net.preferIPv4Stack=true -Dprogram.name=run.sh -Dlogging.configuration=file:/jboss-6.1.0.Final/bin/logging.properties -Djava.library.path=/jboss-6.1.0.Final/bin/native/lib64 -Djava.endorsed.dirs=/jboss-6.1.0.Final/lib/endorsed -classpath /jboss-6.1.0.Final/bin/run.jar:/usr/lib/jvm/java-6-oracle/lib/tools.jar org.jboss.Main --host=0.0.0.0,148143,futex,2023-02-10 13:54:06
1676008447769779910,jboss1,java -server -Xms128m -Xmx512m -XX:MaxPermSize=256m -Dorg.jboss.resolver.warning=true -Dsun.rmi.dgc.client.gcInterval=3600000 -Dsun.rmi.dgc.server.gcInterval=3600000 -Djava.net.preferIPv4Stack=true -Dprogram.name=run.sh -Dlogging.configuration=file:/jboss-6.1.0.Final/bin/logging.properties -Djava.library.path=/jboss-6.1.0.Final/bin/native/lib64 -Djava.endorsed.dirs=/jboss-6.1.0.Final/lib/endorsed -classpath /jboss-6.1.0.Final/bin/run.jar:/usr/lib/jvm/java-6-oracle/lib/tools.jar org.jboss.Main --host=0.0.0.0,148143,futex,2023-02-10 13:54:07
1676008448758702982,jboss1,java -server -Xms128m -Xmx512m -XX:MaxPermSize=256m -Dorg.jboss.resolver.warning=true -Dsun.rmi.dgc.client.gcInterval=3600000 -Dsun.rmi.dgc.server.gcInterval=3600000 -Djava.net.preferIPv4Stack=true -Dprogram.name=run.sh -Dlogging.configuration=file:/jboss-6.1.0.Final/bin/logging.properties -Djava.library.path=/jboss-6.1.0.Final/bin/native/lib64 -Djava.endorsed.dirs=/jboss-6.1.0.Final/lib/endorsed -classpath /jboss-6.1.0.Final/bin/run.jar:/usr/lib/jvm/java-6-oracle/lib/tools.jar org.jboss.Main --host=0.0.0.0,148143,futex,2023-02-10 13:54:08
1676008449741926235,jboss1,java -server -Xms128m -Xmx512m -XX:MaxPermSize=256m -Dorg.jboss.resolver.warning=true -Dsun.rmi.dgc.client.gcInterval=3600000 -Dsun.rmi.dgc.server.gcInterval=3600000 -Djava.net.preferIPv4Stack=true -Dprogram.name=run.sh -Dlogging.configuration=file:/jboss-6.1.0.Final/bin/logging.properties -Djava.library.path=/jboss-6.1.0.Final/bin/native/lib64 -Djava.endorsed.dirs=/jboss-6.1.0.Final/lib/endorsed -classpath /jboss-6.1.0.Final/bin/run.jar:/usr/lib/jvm/java-6-oracle/lib/tools.jar org.jboss.Main --host=0.0.0.0,148143,futex,2023-02-10 13:54:09
1676008450779634037,jboss1,java -server -Xms128m -Xmx512m -XX:MaxPermSize=256m -Dorg.jboss.resolver.warning=true -Dsun.rmi.dgc.client.gcInterval=3600000 -Dsun.rmi.dgc.server.gcInterval=3600000 -Djava.net.preferIPv4Stack=true -Dprogram.name=run.sh -Dlogging.configuration=file:/jboss-6.1.0.Final/bin/logging.properties -Djava.library.path=/jboss-6.1.0.Final/bin/native/lib64 -Djava.endorsed.dirs=/jboss-6.1.0.Final/lib/endorsed -classpath /jboss-6.1.0.Final/bin/run.jar:/usr/lib/jvm/java-6-oracle/lib/tools.jar org.jboss.Main --host=0.0.0.0,148143,futex,2023-02-10 13:54:10
1676008451745297399,jboss1,java -server -Xms128m -Xmx512m -XX:MaxPermSize=256m -Dorg.jboss.resolver.warning=true -Dsun.rmi.dgc.client.gcInterval=3600000 -Dsun.rmi.dgc.server.gcInterval=3600000 -Djava.net.preferIPv4Stack=true -Dprogram.name=run.sh -Dlogging.configuration=file:/jboss-6.1.0.Final/bin/logging.properties -Djava.library.path=/jboss-6.1.0.Final/bin/native/lib64 -Djava.endorsed.dirs=/jboss-6.1.0.Final/lib/endorsed -classpath /jboss-6.1.0.Final/bin/run.jar:/usr/lib/jvm/java-6-oracle/lib/tools.jar org.jboss.Main --host=0.0.0.0,148143,futex,2023-02-10 13:54:11
1676008452747263488,jboss1,java -server -Xms128m -Xmx512m -XX:MaxPermSize=256m -Dorg.jboss.resolver.warning=true -Dsun.rmi.dgc.client.gcInterval=3600000 -Dsun.rmi.dgc.server.gcInterval=3600000 -Djava.net.preferIPv4Stack=true -Dprogram.name=run.sh -Dlogging.configuration=file:/jboss-6.1.0.Final/bin/logging.properties -Djava.library.path=/jboss-6.1.0.Final/bin/native/lib64 -Djava.endorsed.dirs=/jboss-6.1.0.Final/lib/endorsed -classpath /jboss-6.1.0.Final/bin/run.jar:/usr/lib/jvm/java-6-oracle/lib/tools.jar org.jboss.Main --host=0.0.0.0,148143,futex,2023-02-10 13:54:12
1676008453747061856,jboss1,java -server -Xms128m -Xmx512m -XX:MaxPermSize=256m -Dorg.jboss.resolver.warning=true -Dsun.rmi.dgc.client.gcInterval=3600000 -Dsun.rmi.dgc.server.gcInterval=3600000 -Djava.net.preferIPv4Stack=true -Dprogram.name=run.sh -Dlogging.configuration=file:/jboss-6.1.0.Final/bin/logging.properties -Djava.library.path=/jboss-6.1.0.Final/bin/native/lib64 -Djava.endorsed.dirs=/jboss-6.1.0.Final/lib/endorsed -classpath /jboss-6.1.0.Final/bin/run.jar:/usr/lib/jvm/java-6-oracle/lib/tools.jar org.jboss.Main --host=0.0.0.0,148143,futex,2023-02-10 13:54:13
1676008454734046412,jboss1,java -server -Xms128m -Xmx512m -XX:MaxPermSize=256m -Dorg.jboss.resolver.warning=true -Dsun.rmi.dgc.client.gcInterval=3600000 -Dsun.rmi.dgc.server.gcInterval=3600000 -Djava.net.preferIPv4Stack=true -Dprogram.name=run.sh -Dlogging.configuration=file:/jboss-6.1.0.Final/bin/logging.properties -Djava.library.path=/jboss-6.1.0.Final/bin/native/lib64 -Djava.endorsed.dirs=/jboss-6.1.0.Final/lib/endorsed -classpath /jboss-6.1.0.Final/bin/run.jar:/usr/lib/jvm/java-6-oracle/lib/tools.jar org.jboss.Main --host=0.0.0.0,148143,futex,2023-02-10 13:54:14
1676008455752653544,jboss1,java -server -Xms128m -Xmx512m -XX:MaxPermSize=256m -Dorg.jboss.resolver.warning=true -Dsun.rmi.dgc.client.gcInterval=3600000 -Dsun.rmi.dgc.server.gcInterval=3600000 -Djava.net.preferIPv4Stack=true -Dprogram.name=run.sh -Dlogging.configuration=file:/jboss-6.1.0.Final/bin/logging.properties -Djava.library.path=/jboss-6.1.0.Final/bin/native/lib64 -Djava.endorsed.dirs=/jboss-6.1.0.Final/lib/endorsed -classpath /jboss-6.1.0.Final/bin/run.jar:/usr/lib/jvm/java-6-oracle/lib/tools.jar org.jboss.Main --host=0.0.0.0,148143,futex,2023-02-10 13:54:15
1676008456752402147,jboss1,java -server -Xms128m -Xmx512m -XX:MaxPermSize=256m -Dorg.jboss.resolver.warning=true -Dsun.rmi.dgc.client.gcInterval=3600000 -Dsun.rmi.dgc.server.gcInterval=3600000 -Djava.net.preferIPv4Stack=true -Dprogram.name=run.sh -Dlogging.configuration=file:/jboss-6.1.0.Final/bin/logging.properties -Djava.library.path=/jboss-6.1.0.Final/bin/native/lib64 -Djava.endorsed.dirs=/jboss-6.1.0.Final/lib/endorsed -classpath /jboss-6.1.0.Final/bin/run.jar:/usr/lib/jvm/java-6-oracle/lib/tools.jar org.jboss.Main --host=0.0.0.0,148143,futex,2023-02-10 13:54:16
1676008457777962230,jboss1,java -server -Xms128m -Xmx512m -XX:MaxPermSize=256m -Dorg.jboss.resolver.warning=true -Dsun.rmi.dgc.client.gcInterval=3600000 -Dsun.rmi.dgc.server.gcInterval=3600000 -Djava.net.preferIPv4Stack=true -Dprogram.name=run.sh -Dlogging.configuration=file:/jboss-6.1.0.Final/bin/logging.properties -Djava.library.path=/jboss-6.1.0.Final/bin/native/lib64 -Djava.endorsed.dirs=/jboss-6.1.0.Final/lib/endorsed -classpath /jboss-6.1.0.Final/bin/run.jar:/usr/lib/jvm/java-6-oracle/lib/tools.jar org.jboss.Main --host=0.0.0.0,148143,futex,2023-02-10 13:54:17
1676008458738741559,jboss1,java -server -Xms128m -Xmx512m -XX:MaxPermSize=256m -Dorg.jboss.resolver.warning=true -Dsun.rmi.dgc.client.gcInterval=3600000 -Dsun.rmi.dgc.server.gcInterval=3600000 -Djava.net.preferIPv4Stack=true -Dprogram.name=run.sh -Dlogging.configuration=file:/jboss-6.1.0.Final/bin/logging.properties -Djava.library.path=/jboss-6.1.0.Final/bin/native/lib64 -Djava.endorsed.dirs=/jboss-6.1.0.Final/lib/endorsed -classpath /jboss-6.1.0.Final/bin/run.jar:/usr/lib/jvm/java-6-oracle/lib/tools.jar org.jboss.Main --host=0.0.0.0,148143,futex,2023-02-10 13:54:18
1676008459755595523,jboss1,java -server -Xms128m -Xmx512m -XX:MaxPermSize=256m -Dorg.jboss.resolver.warning=true -Dsun.rmi.dgc.client.gcInterval=3600000 -Dsun.rmi.dgc.server.gcInterval=3600000 -Djava.net.preferIPv4Stack=true -Dprogram.name=run.sh -Dlogging.configuration=file:/jboss-6.1.0.Final/bin/logging.properties -Djava.library.path=/jboss-6.1.0.Final/bin/native/lib64 -Djava.endorsed.dirs=/jboss-6.1.0.Final/lib/endorsed -classpath /jboss-6.1.0.Final/bin/run.jar:/usr/lib/jvm/java-6-oracle/lib/tools.jar org.jboss.Main --host=0.0.0.0,148143,futex,2023-02-10 13:54:19
1676008460744727351,jboss1,java -server -Xms128m -Xmx512m -XX:MaxPermSize=256m -Dorg.jboss.resolver.warning=true -Dsun.rmi.dgc.client.gcInterval=3600000 -Dsun.rmi.dgc.server.gcInterval=3600000 -Djava.net.preferIPv4Stack=true -Dprogram.name=run.sh -Dlogging.configuration=file:/jboss-6.1.0.Final/bin/logging.properties -Djava.library.path=/jboss-6.1.0.Final/bin/native/lib64 -Djava.endorsed.dirs=/jboss-6.1.0.Final/lib/endorsed -classpath /jboss-6.1.0.Final/bin/run.jar:/usr/lib/jvm/java-6-oracle/lib/tools.jar org.jboss.Main --host=0.0.0.0,148143,futex,2023-02-10 13:54:20
1676008461746602830,jboss1,java -server -Xms128m -Xmx512m -XX:MaxPermSize=256m -Dorg.jboss.resolver.warning=true -Dsun.rmi.dgc.client.gcInterval=3600000 -Dsun.rmi.dgc.server.gcInterval=3600000 -Djava.net.preferIPv4Stack=true -Dprogram.name=run.sh -Dlogging.configuration=file:/jboss-6.1.0.Final/bin/logging.properties -Djava.library.path=/jboss-6.1.0.Final/bin/native/lib64 -Djava.endorsed.dirs=/jboss-6.1.0.Final/lib/endorsed -classpath /jboss-6.1.0.Final/bin/run.jar:/usr/lib/jvm/java-6-oracle/lib/tools.jar org.jboss.Main --host=0.0.0.0,148143,futex,2023-02-10 13:54:21
1676008462752158977,jboss1,java -server -Xms128m -Xmx512m -XX:MaxPermSize=256m -Dorg.jboss.resolver.warning=true -Dsun.rmi.dgc.client.gcInterval=3600000 -Dsun.rmi.dgc.server.gcInterval=3600000 -Djava.net.preferIPv4Stack=true -Dprogram.name=run.sh -Dlogging.configuration=file:/jboss-6.1.0.Final/bin/logging.properties -Djava.library.path=/jboss-6.1.0.Final/bin/native/lib64 -Djava.endorsed.dirs=/jboss-6.1.0.Final/lib/endorsed -classpath /jboss-6.1.0.Final/bin/run.jar:/usr/lib/jvm/java-6-oracle/lib/tools.jar org.jboss.Main --host=0.0.0.0,148143,futex,2023-02-10 13:54:22
1676008463754013937,jboss1,java -server -Xms128m -Xmx512m -XX:MaxPermSize=256m -Dorg.jboss.resolver.warning=true -Dsun.rmi.dgc.client.gcInterval=3600000 -Dsun.rmi.dgc.server.gcInterval=3600000 -Djava.net.preferIPv4Stack=true -Dprogram.name=run.sh -Dlogging.configuration=file:/jboss-6.1.0.Final/bin/logging.properties -Djava.library.path=/jboss-6.1.0.Final/bin/native/lib64 -Djava.endorsed.dirs=/jboss-6.1.0.Final/lib/endorsed -classpath /jboss-6.1.0.Final/bin/run.jar:/usr/lib/jvm/java-6-oracle/lib/tools.jar org.jboss.Main --host=0.0.0.0,148143,futex,2023-02-10 13:54:23
1676008464733596034,jboss1,java -server -Xms128m -Xmx512m -XX:MaxPermSize=256m -Dorg.jboss.resolver.warning=true -Dsun.rmi.dgc.client.gcInterval=3600000 -Dsun.rmi.dgc.server.gcInterval=3600000 -Djava.net.preferIPv4Stack=true -Dprogram.name=run.sh -Dlogging.configuration=file:/jboss-6.1.0.Final/bin/logging.properties -Djava.library.path=/jboss-6.1.0.Final/bin/native/lib64 -Djava.endorsed.dirs=/jboss-6.1.0.Final/lib/endorsed -classpath /jboss-6.1.0.Final/bin/run.jar:/usr/lib/jvm/java-6-oracle/lib/tools.jar org.jboss.Main --host=0.0.0.0,148143,futex,2023-02-10 13:54:24
1676008465756743098,jboss1,java -server -Xms128m -Xmx512m -XX:MaxPermSize=256m -Dorg.jboss.resolver.warning=true -Dsun.rmi.dgc.client.gcInterval=3600000 -Dsun.rmi.dgc.server.gcInterval=3600000 -Djava.net.preferIPv4Stack=true -Dprogram.name=run.sh -Dlogging.configuration=file:/jboss-6.1.0.Final/bin/logging.properties -Djava.library.path=/jboss-6.1.0.Final/bin/native/lib64 -Djava.endorsed.dirs=/jboss-6.1.0.Final/lib/endorsed -classpath /jboss-6.1.0.Final/bin/run.jar:/usr/lib/jvm/java-6-oracle/lib/tools.jar org.jboss.Main --host=0.0.0.0,148143,futex,2023-02-10 13:54:25
